email,first_name,name_guess,last_name,company_name,short_name,website,location,city,state,niche,service,gap,gap_line,gap_subject,fix_line,second_gap,second_gap_sentence,season_hook,campaign,email_type,email_status,gap_confirmed,send_ready
service@firstcoasthomepros.com,there,,,First Coast Home Pros,First Coast Home Pros,https://www.firstcoasthomepros.com/,"Jacksonville, FL",Jacksonville,FL,exterior,pressure washing,before_after,"your before-and-after photos are the best sales pitch you have, and I couldn't find any on your site",before and afters,"your before-and-after photos right up top, where they sell the job",prices,While I was there I'd also show starting prices., before the spring rush,exterior-before-after,role,unverified,yes,no
office@marshallcleaningservice.com,there,,,Marshall Cleaning Service,Marshall Cleaning Service,http://www.marshallcleaningservice.com/,"Knoxville, TN",Knoxville,TN,exterior,pressure washing,before_after,"your before-and-after photos are the best sales pitch you have, and I couldn't find any on your site",before and afters,"your before-and-after photos right up top, where they sell the job",prices,While I was there I'd also show starting prices., before the spring rush,exterior-before-after,role,unverified,yes,no
christina@squeegeepros.com,there,Christina,,Squeegee Pros Window Cleaning,Squeegee Pros Window Cleaning,https://squeegeepros.com/,"Charlotte, NC",Charlotte,NC,exterior,window cleaning,before_after,"your before-and-after photos are the best sales pitch you have, and I couldn't find any on your site",before and afters,"your before-and-after photos right up top, where they sell the job",,, before the spring rush,exterior-before-after,personal,unverified,yes,no
info@certifiedroofingsolutionsllc.com,there,,,Certified Roofing Solutions,Certified Roofing Solutions,https://www.certifiedroofingsolutionsllc.com/,"Ocala, FL",Ocala,FL,exterior,roof cleaning,before_after,"your before-and-after photos are the best sales pitch you have, and I couldn't find any on your site",before and afters,"your before-and-after photos right up top, where they sell the job",prices,While I was there I'd also show starting prices., before the spring rush,exterior-before-after,role,unverified,yes,no
info@roofwerks.com,there,,,Roofwerks,Roofwerks,http://www.roofwerks.com/,"Raleigh, NC",Raleigh,NC,exterior,roof cleaning,before_after,"your before-and-after photos are the best sales pitch you have, and I couldn't find any on your site",before and afters,"your before-and-after photos right up top, where they sell the job",prices,While I was there I'd also show starting prices., before the spring rush,exterior-before-after,role,unverified,yes,no
gkvoffice@goldkeyroofing.com,there,,,Gold Key Roofing,Gold Key Roofing,https://www.goldkeyroofing.com/,"Orlando, FL",Orlando,FL,exterior,roof cleaning,before_after,"your before-and-after photos are the best sales pitch you have, and I couldn't find any on your site",before and afters,"your before-and-after photos right up top, where they sell the job",prices,While I was there I'd also show starting prices., before the spring rush,exterior-before-after,personal,unverified,yes,no
clean@powerhouseorlando.com,there,,,Powerhouse Pressure Washing & Window Cleaning,Powerhouse Pressure Washing,https://www.powerhouseorlando.com/,"Winter Park, FL",Winter Park,FL,exterior,window cleaning,before_after,"your before-and-after photos are the best sales pitch you have, and I couldn't find any on your site",before and afters,"your before-and-after photos right up top, where they sell the job",prices,While I was there I'd also show starting prices., before the spring rush,exterior-before-after,personal,unverified,yes,no
fbpwllc@gmail.com,there,,,FB Pressure Washing,FB Pressure Washing,https://fbpressurewash.com/service-areas/brazoria-county-tx/pearland,"Pearland, TX",Pearland,TX,exterior,pressure washing,before_after,"your before-and-after photos are the best sales pitch you have, and I couldn't find any on your site",before and afters,"your before-and-after photos right up top, where they sell the job",prices,While I was there I'd also show starting prices., before the spring rush,exterior-before-after,free,unverified,yes,no
office@camelot-enterprises.com,there,,,Camelot Window Cleaning,Camelot Window Cleaning,https://www.camelot-enterprises.com/,"Nashville, TN",Nashville,TN,exterior,window cleaning,before_after,"your before-and-after photos are the best sales pitch you have, and I couldn't find any on your site",before and afters,"your before-and-after photos right up top, where they sell the job",prices,While I was there I'd also show starting prices., before the spring rush,exterior-before-after,role,unverified,yes,no
info@sunbroscleaning.com,there,,,Sunbros Solar Panel Cleaning,Sunbros Solar Panel Cleaning,https://sunbroscleaning.com/,"Peoria, AZ",Peoria,AZ,exterior,pressure washing,before_after,"your before-and-after photos are the best sales pitch you have, and I couldn't find any on your site",before and afters,"your before-and-after photos right up top, where they sell the job",prices,While I was there I'd also show starting prices., before the spring rush,exterior-before-after,role,unverified,yes,no
admin@northdallaswindowcleaning.com,there,,,North Dallas Window Cleaning,North Dallas Window Cleaning,http://northdallaswindowcleaning.com/,"Dallas, TX",Dallas,TX,exterior,window cleaning,before_after,"your before-and-after photos are the best sales pitch you have, and I couldn't find any on your site",before and afters,"your before-and-after photos right up top, where they sell the job",,, before the spring rush,exterior-before-after,role,unverified,yes,no
ppg@pictureperfectglass.com,there,Ppg,,Picture Perfect Glass,Picture Perfect Glass,https://pictureperfectglass.com/,"Dallas, TX",Dallas,TX,exterior,window cleaning,before_after,"your before-and-after photos are the best sales pitch you have, and I couldn't find any on your site",before and afters,"your before-and-after photos right up top, where they sell the job",prices,While I was there I'd also show starting prices., before the spring rush,exterior-before-after,personal,unverified,yes,no
info@crisscleaningservicesllc.com,there,,,Cris's Cleaning Services,Cris's Cleaning Services,https://crisscleaningservicesllc.com/,"Phoenix, AZ",Phoenix,AZ,exterior,pressure washing,before_after,"your before-and-after photos are the best sales pitch you have, and I couldn't find any on your site",before and afters,"your before-and-after photos right up top, where they sell the job",prices,While I was there I'd also show starting prices., before the spring rush,exterior-before-after,role,unverified,yes,no
info@precisionroofcrafters.com,there,,,Precision Roof Crafters,Precision Roof Crafters,https://precisionroofcrafters.com/houston-roofing/,"Houston, TX",Houston,TX,exterior,roof cleaning,before_after,"your before-and-after photos are the best sales pitch you have, and I couldn't find any on your site",before and afters,"your before-and-after photos right up top, where they sell the job",prices,While I was there I'd also show starting prices., before the spring rush,exterior-before-after,role,unverified,yes,no
info@mrgoodroof.com,there,,,Mr. GoodRoof,Mr. GoodRoof,https://mrgoodroof.com/,"Nashville, TN",Nashville,TN,exterior,roof cleaning,before_after,"your before-and-after photos are the best sales pitch you have, and I couldn't find any on your site",before and afters,"your before-and-after photos right up top, where they sell the job",,, before the spring rush,exterior-before-after,role,unverified,yes,no
office@southmountainwindowcleaning.com,there,,,South Mountain Window Cleaning,South Mountain Window Cleaning,https://southmountainwindowcleaning.com/,"Guadalupe, AZ",Guadalupe,AZ,exterior,window cleaning,before_after,"your before-and-after photos are the best sales pitch you have, and I couldn't find any on your site",before and afters,"your before-and-after photos right up top, where they sell the job",,, before the spring rush,exterior-before-after,role,unverified,yes,no
tigerallcontractors@gmail.com,there,,,Tiger All Contractors,Tiger All Contractors,https://www.tigerallcontractors.com/,"Orlando, FL",Orlando,FL,exterior,pressure washing,before_after,"your before-and-after photos are the best sales pitch you have, and I couldn't find any on your site",before and afters,"your before-and-after photos right up top, where they sell the job",prices,While I was there I'd also show starting prices., before the spring rush,exterior-before-after,free,unverified,yes,no
contact@emersonproservices.com,there,,,Emerson Roofing & Siding,Emerson Roofing,https://emersonproservices.com/roofing-siding/,"Dallas, TX",Dallas,TX,exterior,roof cleaning,before_after,"your before-and-after photos are the best sales pitch you have, and I couldn't find any on your site",before and afters,"your before-and-after photos right up top, where they sell the job",prices,While I was there I'd also show starting prices., before the spring rush,exterior-before-after,role,unverified,yes,no
info@austinelefant.com,there,,,"Elefant ""Xterior"" Experts","Elefant ""Xterior"" Experts",https://austinelefant.com/,"Austin, TX",Austin,TX,exterior,pressure washing,before_after,"your before-and-after photos are the best sales pitch you have, and I couldn't find any on your site",before and afters,"your before-and-after photos right up top, where they sell the job",prices,While I was there I'd also show starting prices., before the spring rush,exterior-before-after,role,unverified,yes,no
info@allearsroofing.com,there,,,All Ears Roofing,All Ears Roofing,https://allearsroofing.com/,"Webster, TX",Webster,TX,exterior,roof cleaning,before_after,"your before-and-after photos are the best sales pitch you have, and I couldn't find any on your site",before and afters,"your before-and-after photos right up top, where they sell the job",prices,While I was there I'd also show starting prices., before the spring rush,exterior-before-after,role,unverified,yes,no
marketing@bonedry.com,there,Marketing,,Bone Dry Roofing,Bone Dry Roofing,https://www.bonedry.com/nashville/,"Nashville, TN",Nashville,TN,exterior,roof cleaning,before_after,"your before-and-after photos are the best sales pitch you have, and I couldn't find any on your site",before and afters,"your before-and-after photos right up top, where they sell the job",prices,While I was there I'd also show starting prices., before the spring rush,exterior-before-after,personal,unverified,yes,no
admin@rencoroofing.com,there,,,RENCO Roofing,RENCO Roofing,https://www.rencoroofing.com/,"Phoenix, AZ",Phoenix,AZ,exterior,roof cleaning,before_after,"your before-and-after photos are the best sales pitch you have, and I couldn't find any on your site",before and afters,"your before-and-after photos right up top, where they sell the job",prices,While I was there I'd also show starting prices., before the spring rush,exterior-before-after,role,unverified,yes,no
office@theroofpanda.com,there,,,ROOF PANDA,ROOF PANDA,https://www.theroofpanda.com/,"Tampa, FL",Tampa,FL,exterior,roof cleaning,before_after,"your before-and-after photos are the best sales pitch you have, and I couldn't find any on your site",before and afters,"your before-and-after photos right up top, where they sell the job",prices,While I was there I'd also show starting prices., before the spring rush,exterior-before-after,role,unverified,yes,no
premierpropertysvcs.nc@gmail.com,there,,,Premier Property Services,Premier Property Services,http://www.premierpropertysvcs.com/,"Raleigh, NC",Raleigh,NC,exterior,pressure washing,before_after,"your before-and-after photos are the best sales pitch you have, and I couldn't find any on your site",before and afters,"your before-and-after photos right up top, where they sell the job",prices,While I was there I'd also show starting prices., before the spring rush,exterior-before-after,free,unverified,yes,no
info@trushinewindowcleaning.com,there,,,TRUSHINE WINDOW CLEANING COMPANY,TRUSHINE WINDOW CLEANING COMPANY,https://trushinewindowcleaning.com/,"Houston, TX",Houston,TX,exterior,window cleaning,before_after,"your before-and-after photos are the best sales pitch you have, and I couldn't find any on your site",before and afters,"your before-and-after photos right up top, where they sell the job",prices,While I was there I'd also show starting prices., before the spring rush,exterior-before-after,role,unverified,yes,no
lumiwindowcleaning@gmail.com,there,,,Lumi Window Cleaning,Lumi Window Cleaning,https://lumiwindowcleaning.com/,"Cave Creek, AZ",Cave Creek,AZ,exterior,window cleaning,before_after,"your before-and-after photos are the best sales pitch you have, and I couldn't find any on your site",before and afters,"your before-and-after photos right up top, where they sell the job",prices,While I was there I'd also show starting prices., before the spring rush,exterior-before-after,free,unverified,yes,no
office@sunlifegutters.com,there,,,SunLife Gutters & Homes,SunLife Gutters,https://sunlifegutters.com/,"Seffner, FL",Seffner,FL,exterior,gutter cleaning,before_after,"your before-and-after photos are the best sales pitch you have, and I couldn't find any on your site",before and afters,"your before-and-after photos right up top, where they sell the job",,, before the spring rush,exterior-before-after,role,unverified,yes,no
water@apexsunsolutions.com,there,Water,,Apex Sun Exterior Cleaning,Apex Sun Exterior Cleaning,http://apexsunsolutions.com/,"Austin, TX",Austin,TX,exterior,pressure washing,before_after,"your before-and-after photos are the best sales pitch you have, and I couldn't find any on your site",before and afters,"your before-and-after photos right up top, where they sell the job",,, before the spring rush,exterior-before-after,personal,unverified,yes,no
matt@signaturewindowcleaning.com,there,Matt,,Signature Window Cleaning,Signature Window Cleaning,http://www.signaturewindowcleaning.com/,"Phoenix, AZ",Phoenix,AZ,exterior,window cleaning,before_after,"your before-and-after photos are the best sales pitch you have, and I couldn't find any on your site",before and afters,"your before-and-after photos right up top, where they sell the job",prices,While I was there I'd also show starting prices., before the spring rush,exterior-before-after,personal,unverified,yes,no
chrismarshall9502@gmail.com,there,,,MARSHALL'S PRESSURE WASHING,MARSHALL'S PRESSURE WASHING,https://www.marshallspressurewashing.com/,"Knoxville, TN",Knoxville,TN,exterior,pressure washing,before_after,"your before-and-after photos are the best sales pitch you have, and I couldn't find any on your site",before and afters,"your before-and-after photos right up top, where they sell the job",prices,While I was there I'd also show starting prices., before the spring rush,exterior-before-after,free,unverified,yes,no
service@mp-pw.com,there,,,Master Painting & Power Washing Services,Master Painting & Power Washing Services,http://mp-pw.com/,"Houston, TX",Houston,TX,exterior,pressure washing,before_after,"your before-and-after photos are the best sales pitch you have, and I couldn't find any on your site",before and afters,"your before-and-after photos right up top, where they sell the job",prices,While I was there I'd also show starting prices., before the spring rush,exterior-before-after,role,unverified,yes,no
sales@hsroofing.com,there,,,H & S Roofing & Gutter Company,H & S Roofing,https://www.hsroofing.com/,"Charlotte, NC",Charlotte,NC,exterior,gutter cleaning,before_after,"your before-and-after photos are the best sales pitch you have, and I couldn't find any on your site",before and afters,"your before-and-after photos right up top, where they sell the job",prices,While I was there I'd also show starting prices., before the spring rush,exterior-before-after,role,unverified,yes,no
info@purelycleaningsolutions.com,there,,,Purely Cleaning Solutions,Purely Cleaning Solutions,https://www.purelycleaningsolutions.com/,"Greenville, SC",Greenville,SC,exterior,pressure washing,before_after,"your before-and-after photos are the best sales pitch you have, and I couldn't find any on your site",before and afters,"your before-and-after photos right up top, where they sell the job",prices,While I was there I'd also show starting prices., before the spring rush,exterior-before-after,role,unverified,yes,no
diamondedgejax@gmail.com,there,,,Diamond Edge Pressure Cleaning,Diamond Edge Pressure Cleaning,http://www.diamondedgejax.com/,"Atlantic Beach, FL",Atlantic Beach,FL,exterior,pressure washing,before_after,"your before-and-after photos are the best sales pitch you have, and I couldn't find any on your site",before and afters,"your before-and-after photos right up top, where they sell the job",prices,While I was there I'd also show starting prices., before the spring rush,exterior-before-after,free,unverified,yes,no
info@864cleaning.com,there,,,Heaven's Best Carpet Cleaning Greenville SC,Heaven's Best Carpet Cleaning Greenville SC,https://864cleaning.com/,"Greenville, SC",Greenville,SC,exterior,pressure washing,before_after,"your before-and-after photos are the best sales pitch you have, and I couldn't find any on your site",before and afters,"your before-and-after photos right up top, where they sell the job",prices,While I was there I'd also show starting prices., before the spring rush,exterior-before-after,role,unverified,yes,no
info@hire4wservices.com,there,,,4W Services,4W Services,https://hire4wservices.com/,"Tyler, TX",Tyler,TX,exterior,pressure washing,before_after,"your before-and-after photos are the best sales pitch you have, and I couldn't find any on your site",before and afters,"your before-and-after photos right up top, where they sell the job",prices,While I was there I'd also show starting prices., before the spring rush,exterior-before-after,role,unverified,yes,no
sales@llgutter.com,there,,,LL Gutter & Exterior– Expert Gutter Services in Orlando,LL Gutter & Exterior– Expert Gutter Services in Orlando,https://www.llgutter.com/,"Orlando, FL",Orlando,FL,exterior,gutter cleaning,before_after,"your before-and-after photos are the best sales pitch you have, and I couldn't find any on your site",before and afters,"your before-and-after photos right up top, where they sell the job",prices,While I was there I'd also show starting prices., before the spring rush,exterior-before-after,role,unverified,yes,no
lakewoodscheduling@gmail.com,there,,,Lakewood Window Cleaning,Lakewood Window Cleaning,https://lakewoodwindowcleaning.com/,"Dallas, TX",Dallas,TX,exterior,window cleaning,before_after,"your before-and-after photos are the best sales pitch you have, and I couldn't find any on your site",before and afters,"your before-and-after photos right up top, where they sell the job",prices,While I was there I'd also show starting prices., before the spring rush,exterior-before-after,free,unverified,yes,no
info@gutterproflorida.com,there,,,Gutter Pro,Gutter Pro,https://www.gutterproflorida.com/,"Jacksonville, FL",Jacksonville,FL,exterior,gutter cleaning,before_after,"your before-and-after photos are the best sales pitch you have, and I couldn't find any on your site",before and afters,"your before-and-after photos right up top, where they sell the job",,, before the spring rush,exterior-before-after,role,unverified,yes,no
info@garoofingandrepair.com,there,,,Georgia Roofing & Repair,Georgia Roofing,https://www.garoofingandrepair.com/,"Atlanta, GA",Atlanta,GA,exterior,roof cleaning,before_after,"your before-and-after photos are the best sales pitch you have, and I couldn't find any on your site",before and afters,"your before-and-after photos right up top, where they sell the job",prices,While I was there I'd also show starting prices., before the spring rush,exterior-before-after,role,unverified,yes,no
support@ecsllcaz.com,there,,,ECS Specialty Rain Gutters,ECS Specialty Rain Gutters,https://ecsllcaz.com/,"New River, AZ",New River,AZ,exterior,gutter cleaning,before_after,"your before-and-after photos are the best sales pitch you have, and I couldn't find any on your site",before and afters,"your before-and-after photos right up top, where they sell the job",prices,While I was there I'd also show starting prices., before the spring rush,exterior-before-after,role,unverified,yes,no
info@alphaexteriors.co,there,,,Alpha Exteriors Cleaning & Maintenance,Alpha Exteriors Cleaning,https://www.alphaexteriors.co/,"Surprise, AZ",Surprise,AZ,exterior,pressure washing,before_after,"your before-and-after photos are the best sales pitch you have, and I couldn't find any on your site",before and afters,"your before-and-after photos right up top, where they sell the job",prices,While I was there I'd also show starting prices., before the spring rush,exterior-before-after,role,unverified,yes,no
info@cjsaluminum.com,there,,,CJS Aluminum,CJS Aluminum,https://www.cjsaluminum.com/,"Orlando, FL",Orlando,FL,exterior,pressure washing,before_after,"your before-and-after photos are the best sales pitch you have, and I couldn't find any on your site",before and afters,"your before-and-after photos right up top, where they sell the job",prices,While I was there I'd also show starting prices., before the spring rush,exterior-before-after,role,unverified,yes,no
kleanviewpw@gmail.com,there,,,KleanView Pressure Washing Service,KleanView Pressure Washing Service,http://kleanviewpressurewashing.com/,"Jacksonville, FL",Jacksonville,FL,exterior,pressure washing,before_after,"your before-and-after photos are the best sales pitch you have, and I couldn't find any on your site",before and afters,"your before-and-after photos right up top, where they sell the job",prices,While I was there I'd also show starting prices., before the spring rush,exterior-before-after,free,unverified,yes,no
contact@atpressurewash.com,there,,,A&T's Pressure Washing,A&T's Pressure Washing,https://atpressurewash.com/,"Cypress, TX",Cypress,TX,exterior,pressure washing,before_after,"your before-and-after photos are the best sales pitch you have, and I couldn't find any on your site",before and afters,"your before-and-after photos right up top, where they sell the job",,, before the spring rush,exterior-before-after,role,unverified,yes,no
info@gotyoursixpw.com,there,,,Got Your Six Pressure Washing,Got Your Six Pressure Washing,http://gotyoursixpw.com/,"Lutz, FL",Lutz,FL,exterior,pressure washing,before_after,"your before-and-after photos are the best sales pitch you have, and I couldn't find any on your site",before and afters,"your before-and-after photos right up top, where they sell the job",prices,While I was there I'd also show starting prices., before the spring rush,exterior-before-after,role,unverified,yes,no
mktadmin@enviro-master.com,there,,,Enviro-Master of Greenville,Enviro-Master of Greenville,https://enviro-master.com/commercial-cleaning-locations/greenville-south-carolina/,"Greenville, SC",Greenville,SC,exterior,pressure washing,before_after,"your before-and-after photos are the best sales pitch you have, and I couldn't find any on your site",before and afters,"your before-and-after photos right up top, where they sell the job",prices,While I was there I'd also show starting prices., before the spring rush,exterior-before-after,personal,unverified,yes,no
info@guttercure.com,there,,,Gutter Cure,Gutter Cure,http://guttercure.com/,"Hendersonville, TN",Hendersonville,TN,exterior,gutter cleaning,before_after,"your before-and-after photos are the best sales pitch you have, and I couldn't find any on your site",before and afters,"your before-and-after photos right up top, where they sell the job",prices,While I was there I'd also show starting prices., before the spring rush,exterior-before-after,role,unverified,yes,no
chase@theacmpros.com,Chase,Chase,,The ACM Pros,The ACM Pros,https://www.theacmpros.com/,"Madison, AL",Madison,AL,exterior,pressure washing,before_after,"your before-and-after photos are the best sales pitch you have, and I couldn't find any on your site",before and afters,"your before-and-after photos right up top, where they sell the job",prices,While I was there I'd also show starting prices., before the spring rush,exterior-before-after,personal,unverified,yes,no
service@raleighgutterguards.com,there,,,LeavesOut,LeavesOut,http://www.raleighgutterguards.com/,"Raleigh, NC",Raleigh,NC,exterior,pressure washing,before_after,"your before-and-after photos are the best sales pitch you have, and I couldn't find any on your site",before and afters,"your before-and-after photos right up top, where they sell the job",,, before the spring rush,exterior-before-after,role,unverified,yes,no
support@badgergutters.com,there,,,Badger Gutters,Badger Gutters,https://www.badgergutters.com/,"Charlotte, NC",Charlotte,NC,exterior,gutter cleaning,before_after,"your before-and-after photos are the best sales pitch you have, and I couldn't find any on your site",before and afters,"your before-and-after photos right up top, where they sell the job",prices,While I was there I'd also show starting prices., before the spring rush,exterior-before-after,role,unverified,yes,no
sales@creativegutter.com,there,,,Creative Gutter,Creative Gutter,https://creativegutter.com/,"Dallas, TX",Dallas,TX,exterior,gutter cleaning,before_after,"your before-and-after photos are the best sales pitch you have, and I couldn't find any on your site",before and afters,"your before-and-after photos right up top, where they sell the job",,, before the spring rush,exterior-before-after,role,unverified,yes,no
info@hlwindowcleaning.com,there,,,Highline Window Cleaning,Highline Window Cleaning,http://hlwindowcleaning.com/,"Tempe, AZ",Tempe,AZ,exterior,window cleaning,before_after,"your before-and-after photos are the best sales pitch you have, and I couldn't find any on your site",before and afters,"your before-and-after photos right up top, where they sell the job",prices,While I was there I'd also show starting prices., before the spring rush,exterior-before-after,role,unverified,yes,no
washproswindows@gmail.com,there,,,WashPros,WashPros,http://washpros.us/,"Houston, TX",Houston,TX,exterior,pressure washing,before_after,"your before-and-after photos are the best sales pitch you have, and I couldn't find any on your site",before and afters,"your before-and-after photos right up top, where they sell the job",,, before the spring rush,exterior-before-after,free,unverified,yes,no
info@trustroofing.com,there,,,Trust Roofing - Westchase,Trust Roofing,https://trustroofing.com/roofing/westchase/,"Tampa, FL",Tampa,FL,exterior,roof cleaning,before_after,"your before-and-after photos are the best sales pitch you have, and I couldn't find any on your site",before and afters,"your before-and-after photos right up top, where they sell the job",prices,While I was there I'd also show starting prices., before the spring rush,exterior-before-after,role,unverified,yes,no
info@valleypropowerwash.com,there,,,Valley Pro Power Wash,Valley Pro Power Wash,https://valleypropowerwash.com/,"Phoenix, AZ",Phoenix,AZ,exterior,pressure washing,before_after,"your before-and-after photos are the best sales pitch you have, and I couldn't find any on your site",before and afters,"your before-and-after photos right up top, where they sell the job",prices,While I was there I'd also show starting prices., before the spring rush,exterior-before-after,role,unverified,yes,no
claims@preferredexteriorsllc.com,there,,,Preferred Roofing & Exteriors,Preferred Roofing,https://www.preferredexteriorsllc.com/,"Atlanta, GA",Atlanta,GA,exterior,roof cleaning,before_after,"your before-and-after photos are the best sales pitch you have, and I couldn't find any on your site",before and afters,"your before-and-after photos right up top, where they sell the job",prices,While I was there I'd also show starting prices., before the spring rush,exterior-before-after,personal,unverified,yes,no
info@mosaicroofingcompany.com,there,,,Mosaic Roofing Company,Mosaic Roofing Company,https://mosaicroofingcompany.com/,"Atlanta, GA",Atlanta,GA,exterior,roof cleaning,before_after,"your before-and-after photos are the best sales pitch you have, and I couldn't find any on your site",before and afters,"your before-and-after photos right up top, where they sell the job",prices,While I was there I'd also show starting prices., before the spring rush,exterior-before-after,role,unverified,yes,no
pressureking007@gmail.com,there,,,A First Choice Pressure Washing,A First Choice Pressure Washing,http://afirstchoicetampa.com/,"Tampa, FL",Tampa,FL,exterior,pressure washing,before_after,"your before-and-after photos are the best sales pitch you have, and I couldn't find any on your site",before and afters,"your before-and-after photos right up top, where they sell the job",prices,While I was there I'd also show starting prices., before the spring rush,exterior-before-after,free,unverified,yes,no
info@allkleen.net,there,,,All Kleen,All Kleen,https://www.allkleen.net/,"Phoenix, AZ",Phoenix,AZ,exterior,pressure washing,before_after,"your before-and-after photos are the best sales pitch you have, and I couldn't find any on your site",before and afters,"your before-and-after photos right up top, where they sell the job",prices,While I was there I'd also show starting prices., before the spring rush,exterior-before-after,role,unverified,yes,no
info@knoxpropowerwash.com,there,,,Pressure Washing Knoxville - Knox Pro Powerwash,Pressure Washing Knoxville,http://www.knoxpropowerwash.com/,"Knoxville, TN",Knoxville,TN,exterior,pressure washing,before_after,"your before-and-after photos are the best sales pitch you have, and I couldn't find any on your site",before and afters,"your before-and-after photos right up top, where they sell the job",prices,While I was there I'd also show starting prices., before the spring rush,exterior-before-after,role,unverified,yes,no
john@odwyerbros.com,John,John,,O'Dwyer Brothers,O'Dwyer Brothers,https://www.odwyerbros.com/,"Nashville, TN",Nashville,TN,exterior,pressure washing,before_after,"your before-and-after photos are the best sales pitch you have, and I couldn't find any on your site",before and afters,"your before-and-after photos right up top, where they sell the job",prices,While I was there I'd also show starting prices., before the spring rush,exterior-before-after,personal,unverified,yes,no
tampawashbros@gmail.com,there,,,Tampa Wash Bros Pressure Washing,Tampa Wash Bros Pressure Washing,https://tampawashbrospressurewashing.com/,"Tampa, FL",Tampa,FL,exterior,pressure washing,before_after,"your before-and-after photos are the best sales pitch you have, and I couldn't find any on your site",before and afters,"your before-and-after photos right up top, where they sell the job",prices,While I was there I'd also show starting prices., before the spring rush,exterior-before-after,free,unverified,yes,no
whiterockpressurewashing@gmail.com,there,,,White Rock Pressure Washing,White Rock Pressure Washing,http://whiterockpressurewashing.com/,"Dallas, TX",Dallas,TX,exterior,pressure washing,before_after,"your before-and-after photos are the best sales pitch you have, and I couldn't find any on your site",before and afters,"your before-and-after photos right up top, where they sell the job",prices,While I was there I'd also show starting prices., before the spring rush,exterior-before-after,free,unverified,yes,no
rdupressurepros@gmail.com,there,,,RDU Pressure Pros,RDU Pressure Pros,http://www.rdupressurepros.com/,"Cary, NC",Cary,NC,exterior,pressure washing,before_after,"your before-and-after photos are the best sales pitch you have, and I couldn't find any on your site",before and afters,"your before-and-after photos right up top, where they sell the job",prices,While I was there I'd also show starting prices., before the spring rush,exterior-before-after,free,unverified,yes,no
blue@bulldogwindowcleaningllc.com,there,,,Bulldog Window Cleaning,Bulldog Window Cleaning,http://www.bulldogwindowcleaningllc.com/,"Charlotte, NC",Charlotte,NC,exterior,window cleaning,before_after,"your before-and-after photos are the best sales pitch you have, and I couldn't find any on your site",before and afters,"your before-and-after photos right up top, where they sell the job",prices,While I was there I'd also show starting prices., before the spring rush,exterior-before-after,personal,unverified,yes,no
services@americanroofingnow.com,there,,,American Roofing & Waterproofing,American Roofing,https://americanroofingnow.com/,"Phoenix, AZ",Phoenix,AZ,exterior,roof cleaning,before_after,"your before-and-after photos are the best sales pitch you have, and I couldn't find any on your site",before and afters,"your before-and-after photos right up top, where they sell the job",prices,While I was there I'd also show starting prices., before the spring rush,exterior-before-after,personal,unverified,yes,no
ohanapressurewashing@gmail.com,there,,,Ohana Pressure Washing,Ohana Pressure Washing,https://www.ohanapressurewashing.com/,"Jacksonville, FL",Jacksonville,FL,exterior,pressure washing,before_after,"your before-and-after photos are the best sales pitch you have, and I couldn't find any on your site",before and afters,"your before-and-after photos right up top, where they sell the job",prices,While I was there I'd also show starting prices., before the spring rush,exterior-before-after,free,unverified,yes,no
info@mypremiergutters.com,there,,,Premier Gutter Solutions,Premier Gutter Solutions,http://www.mypremiergutters.com/,"Houston, TX",Houston,TX,exterior,gutter cleaning,before_after,"your before-and-after photos are the best sales pitch you have, and I couldn't find any on your site",before and afters,"your before-and-after photos right up top, where they sell the job",prices,While I was there I'd also show starting prices., before the spring rush,exterior-before-after,role,unverified,yes,no
satisfyingshinellc@gmail.com,there,,,Schrimsher Power Wash,Schrimsher Power Wash,http://www.satisfyingshine.com/,"Owens Cross Roads, AL",Owens Cross Roads,AL,exterior,pressure washing,before_after,"your before-and-after photos are the best sales pitch you have, and I couldn't find any on your site",before and afters,"your before-and-after photos right up top, where they sell the job",prices,While I was there I'd also show starting prices., before the spring rush,exterior-before-after,free,unverified,yes,no
hello@righthandrhino.com,there,,,Right Hand Rhino,Right Hand Rhino,https://righthandrhino.com/,"Nashville, TN",Nashville,TN,exterior,pressure washing,before_after,"your before-and-after photos are the best sales pitch you have, and I couldn't find any on your site",before and afters,"your before-and-after photos right up top, where they sell the job",prices,While I was there I'd also show starting prices., before the spring rush,exterior-before-after,role,unverified,yes,no
info@legacyroofingnow.com,there,,,Legacy Roofing,Legacy Roofing,https://www.legacyroofingnow.com/,"Anthem, AZ",Anthem,AZ,exterior,roof cleaning,before_after,"your before-and-after photos are the best sales pitch you have, and I couldn't find any on your site",before and afters,"your before-and-after photos right up top, where they sell the job",,, before the spring rush,exterior-before-after,role,unverified,yes,no
info@capitolrcllc.com,there,,,Capitol Roofing & Construction,Capitol Roofing,https://www.capitolrcllc.com/,"Rowlett, TX",Rowlett,TX,exterior,roof cleaning,before_after,"your before-and-after photos are the best sales pitch you have, and I couldn't find any on your site",before and afters,"your before-and-after photos right up top, where they sell the job",prices,While I was there I'd also show starting prices., before the spring rush,exterior-before-after,role,unverified,yes,no
austin@austinpressurewashing.co,Austin,Austin,,United Exterior Cleaning & Pressure Washing,United Exterior Cleaning,http://www.austinpressurewashing.co/,"Austin, TX",Austin,TX,exterior,pressure washing,before_after,"your before-and-after photos are the best sales pitch you have, and I couldn't find any on your site",before and afters,"your before-and-after photos right up top, where they sell the job",prices,While I was there I'd also show starting prices., before the spring rush,exterior-before-after,personal,unverified,yes,no
info@getpeakclean.com,there,,,Peak Clean Pressure Washing & Window Cleaning,Peak Clean Pressure Washing,https://getpeakclean.com/,"Houston, TX",Houston,TX,exterior,window cleaning,before_after,"your before-and-after photos are the best sales pitch you have, and I couldn't find any on your site",before and afters,"your before-and-after photos right up top, where they sell the job",prices,While I was there I'd also show starting prices., before the spring rush,exterior-before-after,role,unverified,yes,no
info@titanseamless.com,there,,,Titan Seamless Gutters & Screen,Titan Seamless Gutters,https://www.titanseamless.com/,"Ocala, FL",Ocala,FL,exterior,gutter cleaning,before_after,"your before-and-after photos are the best sales pitch you have, and I couldn't find any on your site",before and afters,"your before-and-after photos right up top, where they sell the job",prices,While I was there I'd also show starting prices., before the spring rush,exterior-before-after,role,unverified,yes,no
info@washthisway.net,there,,,Wash This Way Pressure Washing,Wash This Way Pressure Washing,http://washthisway.net/,"Friendswood, TX",Friendswood,TX,exterior,pressure washing,before_after,"your before-and-after photos are the best sales pitch you have, and I couldn't find any on your site",before and afters,"your before-and-after photos right up top, where they sell the job",prices,While I was there I'd also show starting prices., before the spring rush,exterior-before-after,role,unverified,yes,no
andersonseamlessgutters@gmail.com,there,,,Anderson Seamless Gutters,Anderson Seamless Gutters,https://andersonguttersfl.com/,"Riverview, FL",Riverview,FL,exterior,gutter cleaning,before_after,"your before-and-after photos are the best sales pitch you have, and I couldn't find any on your site",before and afters,"your before-and-after photos right up top, where they sell the job",prices,While I was there I'd also show starting prices., before the spring rush,exterior-before-after,free,unverified,yes,no
admin@bigorangegutters.com,there,,,Big Orange Gutters,Big Orange Gutters,https://www.bigorangegutters.com/,"Nashville, TN",Nashville,TN,exterior,gutter cleaning,before_after,"your before-and-after photos are the best sales pitch you have, and I couldn't find any on your site",before and afters,"your before-and-after photos right up top, where they sell the job",prices,While I was there I'd also show starting prices., before the spring rush,exterior-before-after,role,unverified,yes,no
knoxprowash@gmail.com,there,,,Knox ProWash,Knox ProWash,http://knoxprowash.com/,"Knoxville, TN",Knoxville,TN,exterior,pressure washing,before_after,"your before-and-after photos are the best sales pitch you have, and I couldn't find any on your site",before and afters,"your before-and-after photos right up top, where they sell the job",prices,While I was there I'd also show starting prices., before the spring rush,exterior-before-after,free,unverified,yes,no
greasekleen@gmail.com,there,,,GreaseKleen Pressure Washing,GreaseKleen Pressure Washing,https://greasekleenpressurewashing.com/,"Pearland, TX",Pearland,TX,exterior,pressure washing,before_after,"your before-and-after photos are the best sales pitch you have, and I couldn't find any on your site",before and afters,"your before-and-after photos right up top, where they sell the job",,, before the spring rush,exterior-before-after,free,unverified,yes,no
gibson.tylerj@gmail.com,there,,,Gibson’s Pressure Washing,Gibson’s Pressure Washing,https://www.gibsonspw.com/,"Matthews, NC",Matthews,NC,exterior,pressure washing,before_after,"your before-and-after photos are the best sales pitch you have, and I couldn't find any on your site",before and afters,"your before-and-after photos right up top, where they sell the job",prices,While I was there I'd also show starting prices., before the spring rush,exterior-before-after,free,unverified,yes,no
doubletappw@gmail.com,there,,,Double Tap Pressure Washing,Double Tap Pressure Washing,https://doubletappw.com/,"Katy, TX",Katy,TX,exterior,pressure washing,before_after,"your before-and-after photos are the best sales pitch you have, and I couldn't find any on your site",before and afters,"your before-and-after photos right up top, where they sell the job",prices,While I was there I'd also show starting prices., before the spring rush,exterior-before-after,free,unverified,yes,no
japwjax@gmail.com,there,,,Joe Allen Pressure Washing,Joe Allen Pressure Washing,https://japwjax.jobbersites.com/,"Jacksonville, FL",Jacksonville,FL,exterior,pressure washing,before_after,"your before-and-after photos are the best sales pitch you have, and I couldn't find any on your site",before and afters,"your before-and-after photos right up top, where they sell the job",prices,While I was there I'd also show starting prices., before the spring rush,exterior-before-after,free,unverified,yes,no
hello@getgutterstoday.com,there,,,Get Gutters Today,Get Gutters Today,https://www.getgutterstoday.com/,"Tampa, FL",Tampa,FL,exterior,gutter cleaning,before_after,"your before-and-after photos are the best sales pitch you have, and I couldn't find any on your site",before and afters,"your before-and-after photos right up top, where they sell the job",prices,While I was there I'd also show starting prices., before the spring rush,exterior-before-after,role,unverified,yes,no
properwashingllc@gmail.com,there,,,Proper Exterior Cleaning,Proper Exterior Cleaning,https://www.properexteriorcleaning.com/,"Orange Park, FL",Orange Park,FL,exterior,pressure washing,before_after,"your before-and-after photos are the best sales pitch you have, and I couldn't find any on your site",before and afters,"your before-and-after photos right up top, where they sell the job",prices,While I was there I'd also show starting prices., before the spring rush,exterior-before-after,free,unverified,yes,no
info@ameritechmfg.com,there,,,Ameritech Pressure Cleaning,Ameritech Pressure Cleaning,http://www.ameritechmfg.com/,"Tampa, FL",Tampa,FL,exterior,pressure washing,before_after,"your before-and-after photos are the best sales pitch you have, and I couldn't find any on your site",before and afters,"your before-and-after photos right up top, where they sell the job",,, before the spring rush,exterior-before-after,role,unverified,yes,no
greenville@augustalawncareservices.com,there,,,Augusta Lawn Care of Greenville,Augusta Lawn Care of Greenville,https://www.augustalawncareservices.com/greenville,"Greenville, SC",Greenville,SC,exterior,pressure washing,before_after,"your before-and-after photos are the best sales pitch you have, and I couldn't find any on your site",before and afters,"your before-and-after photos right up top, where they sell the job",prices,While I was there I'd also show starting prices., before the spring rush,exterior-before-after,personal,unverified,yes,no
office@phoenixrnr.com,there,,,Phoenix Roofing and Renovations,Phoenix Roofing,https://www.phoenixrnr.com/,"Nashville, TN",Nashville,TN,exterior,roof cleaning,before_after,"your before-and-after photos are the best sales pitch you have, and I couldn't find any on your site",before and afters,"your before-and-after photos right up top, where they sell the job",prices,While I was there I'd also show starting prices., before the spring rush,exterior-before-after,role,unverified,yes,no
jadeexteriorservices@gmail.com,there,,,Jade Exterior Services - Pressure Washing,Jade Exterior Services,http://www.jadeexteriorservices.com/,"Spring, TX",Spring,TX,exterior,pressure washing,before_after,"your before-and-after photos are the best sales pitch you have, and I couldn't find any on your site",before and afters,"your before-and-after photos right up top, where they sell the job",prices,While I was there I'd also show starting prices., before the spring rush,exterior-before-after,free,unverified,yes,no
info@charlotteexteriorservices.com,there,,,Charlotte Exterior Services,Charlotte Exterior Services,https://www.charlotteexteriorservices.com/,"Matthews, NC",Matthews,NC,exterior,pressure washing,before_after,"your before-and-after photos are the best sales pitch you have, and I couldn't find any on your site",before and afters,"your before-and-after photos right up top, where they sell the job",prices,While I was there I'd also show starting prices., before the spring rush,exterior-before-after,role,unverified,yes,no
kyle@onyxhomeimprovements.com,there,Kyle,,Onyx Home Improvement,Onyx Home Improvement,https://www.onyxhomeimprovements.com/,"Matthews, NC",Matthews,NC,exterior,pressure washing,before_after,"your before-and-after photos are the best sales pitch you have, and I couldn't find any on your site",before and afters,"your before-and-after photos right up top, where they sell the job",prices,While I was there I'd also show starting prices., before the spring rush,exterior-before-after,personal,unverified,yes,no
info@swanroofing.com,there,,,Swan Roofing,Swan Roofing,https://swanroofing.com/,"Plano, TX",Plano,TX,exterior,roof cleaning,before_after,"your before-and-after photos are the best sales pitch you have, and I couldn't find any on your site",before and afters,"your before-and-after photos right up top, where they sell the job",prices,While I was there I'd also show starting prices., before the spring rush,exterior-before-after,role,unverified,yes,no
woodyssoftwash20@yahoo.com,there,,,Woody's SoftWash,Woody's SoftWash,http://woodyssoftwashsa.com/,"San Antonio, TX",San Antonio,TX,exterior,soft washing,before_after,"your before-and-after photos are the best sales pitch you have, and I couldn't find any on your site",before and afters,"your before-and-after photos right up top, where they sell the job",prices,While I was there I'd also show starting prices., before the spring rush,exterior-before-after,free,unverified,yes,no
quality@durafoaminc.com,there,,,Durafoam Roofing,Durafoam Roofing,https://www.durafoaminc.com/,"Phoenix, AZ",Phoenix,AZ,exterior,roof cleaning,before_after,"your before-and-after photos are the best sales pitch you have, and I couldn't find any on your site",before and afters,"your before-and-after photos right up top, where they sell the job",prices,While I was there I'd also show starting prices., before the spring rush,exterior-before-after,personal,unverified,yes,no
sunspotservices@yahoo.com,there,,,Sunspot Services,Sunspot Services,https://www.sunspotservices.com/,"Houston, TX",Houston,TX,exterior,pressure washing,before_after,"your before-and-after photos are the best sales pitch you have, and I couldn't find any on your site",before and afters,"your before-and-after photos right up top, where they sell the job",prices,While I was there I'd also show starting prices., before the spring rush,exterior-before-after,free,unverified,yes,no
dohertybroswindowpros@gmail.com,there,,,Doherty Bros Window Pros,Doherty Bros Window Pros,http://dohertybroswindowpros.com/,"Phoenix, AZ",Phoenix,AZ,exterior,window cleaning,before_after,"your before-and-after photos are the best sales pitch you have, and I couldn't find any on your site",before and afters,"your before-and-after photos right up top, where they sell the job",prices,While I was there I'd also show starting prices., before the spring rush,exterior-before-after,free,unverified,yes,no
william@dolphinwindowcleaning.us,there,William,,Dolphin Window Cleaning,Dolphin Window Cleaning,http://dolphinwindowcleaning.us/,"Cary, NC",Cary,NC,exterior,window cleaning,before_after,"your before-and-after photos are the best sales pitch you have, and I couldn't find any on your site",before and afters,"your before-and-after photos right up top, where they sell the job",prices,While I was there I'd also show starting prices., before the spring rush,exterior-before-after,personal,unverified,yes,no
zpowerwashing5@gmail.com,there,,,Z Power Washing,Z Power Washing,https://www.zpowerwashing.net/,"Sugar Land, TX",Sugar Land,TX,exterior,pressure washing,before_after,"your before-and-after photos are the best sales pitch you have, and I couldn't find any on your site",before and afters,"your before-and-after photos right up top, where they sell the job",prices,While I was there I'd also show starting prices., before the spring rush,exterior-before-after,free,unverified,yes,no
info@ladderandbucket.com,there,,,Ladder & Bucket,Ladder & Bucket,http://www.ladderandbucket.com/,"Greensboro, NC",Greensboro,NC,exterior,pressure washing,before_after,"your before-and-after photos are the best sales pitch you have, and I couldn't find any on your site",before and afters,"your before-and-after photos right up top, where they sell the job",prices,While I was there I'd also show starting prices., before the spring rush,exterior-before-after,role,unverified,yes,no
guttermastersjax@gmail.com,there,,,Gutter Masters,Gutter Masters,https://seamlessgutters-jacksonville.com/,"Jacksonville, FL",Jacksonville,FL,exterior,gutter cleaning,before_after,"your before-and-after photos are the best sales pitch you have, and I couldn't find any on your site",before and afters,"your before-and-after photos right up top, where they sell the job",prices,While I was there I'd also show starting prices., before the spring rush,exterior-before-after,free,unverified,yes,no
joe@joethepressurewashingguy.com,Joe,Joe,,Joe the Pressure Washing Guy,Joe the Pressure Washing Guy,https://joethepressurewashingguy.com/,"Knoxville, TN",Knoxville,TN,exterior,pressure washing,before_after,"your before-and-after photos are the best sales pitch you have, and I couldn't find any on your site",before and afters,"your before-and-after photos right up top, where they sell the job",prices,While I was there I'd also show starting prices., before the spring rush,exterior-before-after,personal,unverified,yes,no
collinspressurewashingllc@gmail.com,there,,,Collins Pressure Washing,Collins Pressure Washing,http://www.collinspw.com/,"Mobile, AL",Mobile,AL,exterior,pressure washing,before_after,"your before-and-after photos are the best sales pitch you have, and I couldn't find any on your site",before and afters,"your before-and-after photos right up top, where they sell the job",prices,While I was there I'd also show starting prices., before the spring rush,exterior-before-after,free,unverified,yes,no
office@pinnacleroofingaz.com,there,,,Pinnacle Roofing,Pinnacle Roofing,https://www.pinnacleroofingaz.com/,"Phoenix, AZ",Phoenix,AZ,exterior,roof cleaning,before_after,"your before-and-after photos are the best sales pitch you have, and I couldn't find any on your site",before and afters,"your before-and-after photos right up top, where they sell the job",,, before the spring rush,exterior-before-after,role,unverified,yes,no
sales@gutterman.com,there,,,The Gutter Man,The Gutter Man,https://www.gutterman.com/,"Houston, TX",Houston,TX,exterior,gutter cleaning,before_after,"your before-and-after photos are the best sales pitch you have, and I couldn't find any on your site",before and afters,"your before-and-after photos right up top, where they sell the job",prices,While I was there I'd also show starting prices., before the spring rush,exterior-before-after,role,unverified,yes,no
tswindowcleaning@gmail.com,there,,,Tri-State Exterior Cleaning,Tri-State Exterior Cleaning,http://www.tristateexteriorcleaning.com/,"Collierville, TN",Collierville,TN,exterior,pressure washing,before_after,"your before-and-after photos are the best sales pitch you have, and I couldn't find any on your site",before and afters,"your before-and-after photos right up top, where they sell the job",prices,While I was there I'd also show starting prices., before the spring rush,exterior-before-after,free,unverified,yes,no
truviewcleaning@gmail.com,there,,,Truview,Truview,http://www.truviewwindowcleaning.com/,"Houston, TX",Houston,TX,exterior,pressure washing,before_after,"your before-and-after photos are the best sales pitch you have, and I couldn't find any on your site",before and afters,"your before-and-after photos right up top, where they sell the job",prices,While I was there I'd also show starting prices., before the spring rush,exterior-before-after,free,unverified,yes,no
carter@desertglowhomes.com,there,Carter,,Desert Glow Home Services,Desert Glow Home Services,https://www.desertglowhomes.com/,"Peoria, AZ",Peoria,AZ,exterior,pressure washing,before_after,"your before-and-after photos are the best sales pitch you have, and I couldn't find any on your site",before and afters,"your before-and-after photos right up top, where they sell the job",prices,While I was there I'd also show starting prices., before the spring rush,exterior-before-after,personal,unverified,yes,no
info@jronegutters.com,there,,,JR One Aluminum LLC - Gutter Repair & Installation,JR One Aluminum LLC,https://www.jronegutters.com/,"Tampa, FL",Tampa,FL,exterior,gutter cleaning,before_after,"your before-and-after photos are the best sales pitch you have, and I couldn't find any on your site",before and afters,"your before-and-after photos right up top, where they sell the job",,, before the spring rush,exterior-before-after,role,unverified,yes,no
ppwatlga@gmail.com,there,,,Precision Pro Wash Of Atlanta,Precision Pro Wash Of Atlanta,http://www.precisionprowashofatlanta.com/,"Atlanta, GA",Atlanta,GA,exterior,pressure washing,before_after,"your before-and-after photos are the best sales pitch you have, and I couldn't find any on your site",before and afters,"your before-and-after photos right up top, where they sell the job",prices,While I was there I'd also show starting prices., before the spring rush,exterior-before-after,free,unverified,yes,no
extsolutions.orlando@gmail.com,there,,,EXT Solutions,EXT Solutions,https://extsolutions.info/about/,"Orlando, FL",Orlando,FL,exterior,pressure washing,before_after,"your before-and-after photos are the best sales pitch you have, and I couldn't find any on your site",before and afters,"your before-and-after photos right up top, where they sell the job",prices,While I was there I'd also show starting prices., before the spring rush,exterior-before-after,free,unverified,yes,no
window@windowcleaningcompanyhouston.com,there,,,Window Cleaning Company Houston,Window Cleaning Company Houston,https://windowcleaningcompanyhouston.com/,"Houston, TX",Houston,TX,exterior,window cleaning,before_after,"your before-and-after photos are the best sales pitch you have, and I couldn't find any on your site",before and afters,"your before-and-after photos right up top, where they sell the job",prices,While I was there I'd also show starting prices., before the spring rush,exterior-before-after,personal,unverified,yes,no
truglowservices@gmail.com,there,,,TruGlow Services,TruGlow Services,https://truglowservices.com/,"Smyrna, GA",Smyrna,GA,exterior,pressure washing,before_after,"your before-and-after photos are the best sales pitch you have, and I couldn't find any on your site",before and afters,"your before-and-after photos right up top, where they sell the job",prices,While I was there I'd also show starting prices., before the spring rush,exterior-before-after,free,unverified,yes,no
info@detailguys.org,there,,,A1 Mobil Fleet Wash,A1 Mobil Fleet Wash,http://www.detailguys.org/,"Houston, TX",Houston,TX,exterior,pressure washing,before_after,"your before-and-after photos are the best sales pitch you have, and I couldn't find any on your site",before and afters,"your before-and-after photos right up top, where they sell the job",prices,While I was there I'd also show starting prices., before the spring rush,exterior-before-after,role,unverified,yes,no
info@bigred-roofing.com,there,,,BIG RED ROOFING & Home Exteriors,BIG RED ROOFING,https://bigred-roofing.com/,"Cary, NC",Cary,NC,exterior,roof cleaning,before_after,"your before-and-after photos are the best sales pitch you have, and I couldn't find any on your site",before and afters,"your before-and-after photos right up top, where they sell the job",prices,While I was there I'd also show starting prices., before the spring rush,exterior-before-after,role,unverified,yes,no
krystalklearnashville@gmail.com,there,,,Krystal Klear Window Cleaning,Krystal Klear Window Cleaning,https://krystalklearnashvi.wixsite.com/my-site,"Hendersonville, TN",Hendersonville,TN,exterior,window cleaning,before_after,"your before-and-after photos are the best sales pitch you have, and I couldn't find any on your site",before and afters,"your before-and-after photos right up top, where they sell the job",prices,While I was there I'd also show starting prices., before the spring rush,exterior-before-after,free,unverified,yes,no
joe@joeswindowwashing.com,Joe,Joe,,Joe's Window Cleaning & Pressure Washing,Joe's Window Cleaning,http://www.joeswindowwashing.com/,"Orange Park, FL",Orange Park,FL,exterior,window cleaning,before_after,"your before-and-after photos are the best sales pitch you have, and I couldn't find any on your site",before and afters,"your before-and-after photos right up top, where they sell the job",prices,While I was there I'd also show starting prices., before the spring rush,exterior-before-after,personal,unverified,yes,no
sales@orlandopowerwash.com,there,,,BPW - Benny’s Pressure Washing L.L.C,BPW,http://www.orlandopowerwash.com/,"Orlando, FL",Orlando,FL,exterior,pressure washing,before_after,"your before-and-after photos are the best sales pitch you have, and I couldn't find any on your site",before and afters,"your before-and-after photos right up top, where they sell the job",prices,While I was there I'd also show starting prices., before the spring rush,exterior-before-after,role,unverified,yes,no
binbandits123@gmail.com,there,,,Bin Bandits- Trash Can Cleaning Service,Bin Bandits- Trash Can Cleaning Service,https://www.binbanditsaz.com/,"New River, AZ",New River,AZ,exterior,pressure washing,before_after,"your before-and-after photos are the best sales pitch you have, and I couldn't find any on your site",before and afters,"your before-and-after photos right up top, where they sell the job",,, before the spring rush,exterior-before-after,free,unverified,yes,no
billr@classicsqueegee.com,there,Billr,,Classic Squeegee,Classic Squeegee,http://www.classicsqueegee.com/,"Ocala, FL",Ocala,FL,exterior,pressure washing,before_after,"your before-and-after photos are the best sales pitch you have, and I couldn't find any on your site",before and afters,"your before-and-after photos right up top, where they sell the job",prices,While I was there I'd also show starting prices., before the spring rush,exterior-before-after,personal,unverified,yes,no
jeff@premiumleafguards.com,Jeff,Jeff,,Premium Leaf Guards,Premium Leaf Guards,https://premiumleafguards.com/,"Ocala, FL",Ocala,FL,exterior,pressure washing,before_after,"your before-and-after photos are the best sales pitch you have, and I couldn't find any on your site",before and afters,"your before-and-after photos right up top, where they sell the job",,, before the spring rush,exterior-before-after,personal,unverified,yes,no
hunter25force@gmail.com,there,,,Hunter Force Pressure Washing Services,Hunter Force Pressure Washing Services,https://hunterforcepressurewashingservices.com/,"Spring, TX",Spring,TX,exterior,pressure washing,before_after,"your before-and-after photos are the best sales pitch you have, and I couldn't find any on your site",before and afters,"your before-and-after photos right up top, where they sell the job",prices,While I was there I'd also show starting prices., before the spring rush,exterior-before-after,free,unverified,yes,no
904gutterz@gmail.com,there,,,904 Gutterz,904 Gutterz,https://www.904gutterzllc.com/,"Jacksonville, FL",Jacksonville,FL,exterior,gutter cleaning,before_after,"your before-and-after photos are the best sales pitch you have, and I couldn't find any on your site",before and afters,"your before-and-after photos right up top, where they sell the job",prices,While I was there I'd also show starting prices., before the spring rush,exterior-before-after,free,unverified,yes,no
doug@floridawashcompany.com,Doug,Doug,,Florida Wash Company,Florida Wash Company,http://www.floridawashcompany.com/,"Jacksonville, FL",Jacksonville,FL,exterior,pressure washing,before_after,"your before-and-after photos are the best sales pitch you have, and I couldn't find any on your site",before and afters,"your before-and-after photos right up top, where they sell the job",prices,While I was there I'd also show starting prices., before the spring rush,exterior-before-after,personal,unverified,yes,no
office@windowwizards.com,there,,,Window Wizards,Window Wizards,http://www.windowwizards.com/,"Garland, TX",Garland,TX,exterior,window cleaning,before_after,"your before-and-after photos are the best sales pitch you have, and I couldn't find any on your site",before and afters,"your before-and-after photos right up top, where they sell the job",prices,While I was there I'd also show starting prices., before the spring rush,exterior-before-after,role,unverified,yes,no
martinsservicesusa@gmail.com,there,,,Martin Services USA,Martin Services USA,http://www.martinservicesusa.com/,"Orlando, FL",Orlando,FL,exterior,pressure washing,before_after,"your before-and-after photos are the best sales pitch you have, and I couldn't find any on your site",before and afters,"your before-and-after photos right up top, where they sell the job",prices,While I was there I'd also show starting prices., before the spring rush,exterior-before-after,free,unverified,yes,no
pwguyspeter@gmail.com,there,,,Pressure Washing Guys,Pressure Washing Guys,https://www.pressurewashingguysflorida.com/,"Orlando, FL",Orlando,FL,exterior,pressure washing,before_after,"your before-and-after photos are the best sales pitch you have, and I couldn't find any on your site",before and afters,"your before-and-after photos right up top, where they sell the job",,, before the spring rush,exterior-before-after,free,unverified,yes,no
mike@drroof.com,there,Mike,,Dr. Roof,Dr. Roof,http://drroof.com/,"Atlanta, GA",Atlanta,GA,exterior,roof cleaning,before_after,"your before-and-after photos are the best sales pitch you have, and I couldn't find any on your site",before and afters,"your before-and-after photos right up top, where they sell the job",prices,While I was there I'd also show starting prices., before the spring rush,exterior-before-after,personal,unverified,yes,no
info@xtremecleanz.com,there,,,Xtreme Cleanz,Xtreme Cleanz,http://www.xtremecleanz.com/,"Birmingham, AL",Birmingham,AL,exterior,pressure washing,before_after,"your before-and-after photos are the best sales pitch you have, and I couldn't find any on your site",before and afters,"your before-and-after photos right up top, where they sell the job",prices,While I was there I'd also show starting prices., before the spring rush,exterior-before-after,role,unverified,yes,no
micahjr@integritypressurecleaning.com,there,Micahjr,,Integrity Pressure Cleaning,Integrity Pressure Cleaning,http://www.integritypressurecleaning.com/,"Tampa, FL",Tampa,FL,exterior,pressure washing,before_after,"your before-and-after photos are the best sales pitch you have, and I couldn't find any on your site",before and afters,"your before-and-after photos right up top, where they sell the job",prices,While I was there I'd also show starting prices., before the spring rush,exterior-before-after,personal,unverified,yes,no
info@onitpainting.com,there,,,ONiT Painting Nashville,ONiT Painting Nashville,https://onitpainting.com/,"Nashville, TN",Nashville,TN,exterior,pressure washing,before_after,"your before-and-after photos are the best sales pitch you have, and I couldn't find any on your site",before and afters,"your before-and-after photos right up top, where they sell the job",prices,While I was there I'd also show starting prices., before the spring rush,exterior-before-after,role,unverified,yes,no
washingtampa@gmail.com,there,,,"Tampa Bay Pressure Washing, LLC.",Tampa Bay Pressure Washing,https://www.tampapressurewashingllc.com/,"Tampa, FL",Tampa,FL,exterior,pressure washing,before_after,"your before-and-after photos are the best sales pitch you have, and I couldn't find any on your site",before and afters,"your before-and-after photos right up top, where they sell the job",,, before the spring rush,exterior-before-after,free,unverified,yes,no
rob@xlr8pressure.com,there,Rob,,XLR8 Pressure Washing Services,XLR8 Pressure Washing Services,http://xlr8pressure.com/,"Houston, TX",Houston,TX,exterior,pressure washing,before_after,"your before-and-after photos are the best sales pitch you have, and I couldn't find any on your site",before and afters,"your before-and-after photos right up top, where they sell the job",prices,While I was there I'd also show starting prices., before the spring rush,exterior-before-after,personal,unverified,yes,no
office@goodguysroofing.com,there,,,Good Guys Roofing,Good Guys Roofing,http://www.goodguysroofing.com/,"Dallas, TX",Dallas,TX,exterior,roof cleaning,before_after,"your before-and-after photos are the best sales pitch you have, and I couldn't find any on your site",before and afters,"your before-and-after photos right up top, where they sell the job",prices,While I was there I'd also show starting prices., before the spring rush,exterior-before-after,role,unverified,yes,no
f.sgutters@gmail.com,there,,,Father & Son Gutter Services,Father & Son Gutter Services,http://www.fsgutters.com/,"Jacksonville, FL",Jacksonville,FL,exterior,gutter cleaning,before_after,"your before-and-after photos are the best sales pitch you have, and I couldn't find any on your site",before and afters,"your before-and-after photos right up top, where they sell the job",prices,While I was there I'd also show starting prices., before the spring rush,exterior-before-after,free,unverified,yes,no
info@greensborohomeservices.com,there,,,Greensboro Home Services,Greensboro Home Services,https://greensborohomeservices.com/,"Greensboro, NC",Greensboro,NC,exterior,pressure washing,before_after,"your before-and-after photos are the best sales pitch you have, and I couldn't find any on your site",before and afters,"your before-and-after photos right up top, where they sell the job",prices,While I was there I'd also show starting prices., before the spring rush,exterior-before-after,role,unverified,yes,no
bcleanpws@outlook.com,there,,,B Clean Pressure Washing Service,B Clean Pressure Washing Service,https://www.bcleanpws.com/,"Fruit Cove, FL",Fruit Cove,FL,exterior,pressure washing,before_after,"your before-and-after photos are the best sales pitch you have, and I couldn't find any on your site",before and afters,"your before-and-after photos right up top, where they sell the job",prices,While I was there I'd also show starting prices., before the spring rush,exterior-before-after,free,unverified,yes,no
apwjax@gmail.com,there,,,Aarron's Pressure Washing,Aarron's Pressure Washing,http://www.pressurewashingjax.net/,"Ponte Vedra Beach, FL",Ponte Vedra Beach,FL,exterior,pressure washing,before_after,"your before-and-after photos are the best sales pitch you have, and I couldn't find any on your site",before and afters,"your before-and-after photos right up top, where they sell the job",prices,While I was there I'd also show starting prices., before the spring rush,exterior-before-after,free,unverified,yes,no
ryanstevenberger@yahoo.com,there,,,Smyrna Paint and Pressure Washing,Smyrna Paint,https://www.smyrnapaintpressurewash.com/,"Smyrna, GA",Smyrna,GA,exterior,pressure washing,before_after,"your before-and-after photos are the best sales pitch you have, and I couldn't find any on your site",before and afters,"your before-and-after photos right up top, where they sell the job",prices,While I was there I'd also show starting prices., before the spring rush,exterior-before-after,free,unverified,yes,no
info@jmssorlando.com,there,,,J&M Sparkling Service LLC.,J&M Sparkling Service LLC.,http://jmssorlando.com/,"Orlando, FL",Orlando,FL,exterior,pressure washing,before_after,"your before-and-after photos are the best sales pitch you have, and I couldn't find any on your site",before and afters,"your before-and-after photos right up top, where they sell the job",,, before the spring rush,exterior-before-after,role,unverified,yes,no
jesse@psapressurewashservices.com,there,Jesse,,PSA Pressure Wash Services,PSA Pressure Wash Services,https://www.psapressurewashservices.com/,"Spring, TX",Spring,TX,exterior,pressure washing,before_after,"your before-and-after photos are the best sales pitch you have, and I couldn't find any on your site",before and afters,"your before-and-after photos right up top, where they sell the job",prices,While I was there I'd also show starting prices., before the spring rush,exterior-before-after,personal,unverified,yes,no
lisaarce0531@gmail.com,there,,,Rain Shield Gutters,Rain Shield Gutters,https://rainshieldgutters.com/,"Tampa, FL",Tampa,FL,exterior,gutter cleaning,before_after,"your before-and-after photos are the best sales pitch you have, and I couldn't find any on your site",before and afters,"your before-and-after photos right up top, where they sell the job",prices,While I was there I'd also show starting prices., before the spring rush,exterior-before-after,free,unverified,yes,no
info@happypailsfl.com,there,,,Happy Pails - Trash Can Cleaning Service,Happy Pails,https://www.happypailsfl.com/,"Ocala, FL",Ocala,FL,exterior,pressure washing,before_after,"your before-and-after photos are the best sales pitch you have, and I couldn't find any on your site",before and afters,"your before-and-after photos right up top, where they sell the job",,, before the spring rush,exterior-before-after,role,unverified,yes,no
info@maxwellroofing.com,there,,,Maxwell Roofing & Sheet Metal,Maxwell Roofing,https://www.maxwellroofing.com/,"Nashville, TN",Nashville,TN,exterior,roof cleaning,before_after,"your before-and-after photos are the best sales pitch you have, and I couldn't find any on your site",before and afters,"your before-and-after photos right up top, where they sell the job",prices,While I was there I'd also show starting prices., before the spring rush,exterior-before-after,role,unverified,yes,no
parker@rcmroofers.com,there,,,RCM Roofers,RCM Roofers,https://rcmroofers.com/,"Atlanta, GA",Atlanta,GA,exterior,roof cleaning,before_after,"your before-and-after photos are the best sales pitch you have, and I couldn't find any on your site",before and afters,"your before-and-after photos right up top, where they sell the job",prices,While I was there I'd also show starting prices., before the spring rush,exterior-before-after,personal,unverified,yes,no
aaagutterco@att.net,there,,,AAA Gutter Company,AAA Gutter Company,http://aaagutterco.com/,"Houston, TX",Houston,TX,exterior,gutter cleaning,before_after,"your before-and-after photos are the best sales pitch you have, and I couldn't find any on your site",before and afters,"your before-and-after photos right up top, where they sell the job",prices,While I was there I'd also show starting prices., before the spring rush,exterior-before-after,free,unverified,yes,no
info@ironmanmetalsystem.com,there,,,Ironman Metal Systems,Ironman Metal Systems,https://ironmanmetalsystem.com/,"Mobile, AL",Mobile,AL,exterior,pressure washing,before_after,"your before-and-after photos are the best sales pitch you have, and I couldn't find any on your site",before and afters,"your before-and-after photos right up top, where they sell the job",prices,While I was there I'd also show starting prices., before the spring rush,exterior-before-after,role,unverified,yes,no
info@proexteriorspressurewashing.com,there,,,Pro Exteriors Pressure Washing and Services,Pro Exteriors Pressure Washing,https://proexteriorspressurewashing.com/,"Bartlett, TN",Bartlett,TN,exterior,pressure washing,before_after,"your before-and-after photos are the best sales pitch you have, and I couldn't find any on your site",before and afters,"your before-and-after photos right up top, where they sell the job",prices,While I was there I'd also show starting prices., before the spring rush,exterior-before-after,role,unverified,yes,no
info@amroofingcompany.com,there,,,AM Roofing Company,AM Roofing Company,https://amroofingcompany.com/,"Dallas, TX",Dallas,TX,exterior,roof cleaning,before_after,"your before-and-after photos are the best sales pitch you have, and I couldn't find any on your site",before and afters,"your before-and-after photos right up top, where they sell the job",prices,While I was there I'd also show starting prices., before the spring rush,exterior-before-after,role,unverified,yes,no
atdcleaningspecialist@gmail.com,there,,,ATD Window Cleaners,ATD Window Cleaners,http://atdwindowcleaners.com/,"Orlando, FL",Orlando,FL,exterior,window cleaning,before_after,"your before-and-after photos are the best sales pitch you have, and I couldn't find any on your site",before and afters,"your before-and-after photos right up top, where they sell the job",prices,While I was there I'd also show starting prices., before the spring rush,exterior-before-after,free,unverified,yes,no
pierre@purepressurepro.net,Pierre,Pierre,,Pure Pressure Pro,Pure Pressure Pro,https://purepressurepro.net/,"Trussville, AL",Trussville,AL,exterior,pressure washing,before_after,"your before-and-after photos are the best sales pitch you have, and I couldn't find any on your site",before and afters,"your before-and-after photos right up top, where they sell the job",prices,While I was there I'd also show starting prices., before the spring rush,exterior-before-after,personal,unverified,yes,no
info@acescleaningservice.com,there,,,Aces Cleaning Service,Aces Cleaning Service,http://www.acescleaningservice.com/,"Raleigh, NC",Raleigh,NC,exterior,pressure washing,before_after,"your before-and-after photos are the best sales pitch you have, and I couldn't find any on your site",before and afters,"your before-and-after photos right up top, where they sell the job",prices,While I was there I'd also show starting prices., before the spring rush,exterior-before-after,role,unverified,yes,no
htxpressureco@gmail.com,there,,,HTX Pressure Washing Company,HTX Pressure Washing Company,http://www.htxpressureco.com/,"Humble, TX",Humble,TX,exterior,pressure washing,before_after,"your before-and-after photos are the best sales pitch you have, and I couldn't find any on your site",before and afters,"your before-and-after photos right up top, where they sell the job",prices,While I was there I'd also show starting prices., before the spring rush,exterior-before-after,free,unverified,yes,no
sscommercialcleaningaz@gmail.com,there,,,S&S Window Cleaning Residential - Commercial,S&S Window Cleaning Residential,https://www.coms.trading/,"Phoenix, AZ",Phoenix,AZ,exterior,window cleaning,before_after,"your before-and-after photos are the best sales pitch you have, and I couldn't find any on your site",before and afters,"your before-and-after photos right up top, where they sell the job",,, before the spring rush,exterior-before-after,free,unverified,yes,no
hayden@frankspressurewashing.com,Hayden,Hayden,,Franks Pressure Washing,Franks Pressure Washing,https://frankspressurewashing.com/,"Austin, TX",Austin,TX,exterior,pressure washing,before_after,"your before-and-after photos are the best sales pitch you have, and I couldn't find any on your site",before and afters,"your before-and-after photos right up top, where they sell the job",prices,While I was there I'd also show starting prices., before the spring rush,exterior-before-after,personal,unverified,yes,no
hello@floridaexteriorpros.com,there,,,Florida Exterior Pros,Florida Exterior Pros,https://www.floridaexteriorpros.com/,"Tampa, FL",Tampa,FL,exterior,pressure washing,before_after,"your before-and-after photos are the best sales pitch you have, and I couldn't find any on your site",before and afters,"your before-and-after photos right up top, where they sell the job",prices,While I was there I'd also show starting prices., before the spring rush,exterior-before-after,role,unverified,yes,no
bking4410@gmail.com,there,,,BK Seamless Gutters,BK Seamless Gutters,http://www.bkroofingandgutters.com/,"Raleigh, NC",Raleigh,NC,exterior,gutter cleaning,before_after,"your before-and-after photos are the best sales pitch you have, and I couldn't find any on your site",before and afters,"your before-and-after photos right up top, where they sell the job",prices,While I was there I'd also show starting prices., before the spring rush,exterior-before-after,free,unverified,yes,no
easthillpressurewashing@gmail.com,there,,,East Hill,East Hill,https://www.easthillpressurewashing.com/,"Nashville, TN",Nashville,TN,exterior,pressure washing,before_after,"your before-and-after photos are the best sales pitch you have, and I couldn't find any on your site",before and afters,"your before-and-after photos right up top, where they sell the job",prices,While I was there I'd also show starting prices., before the spring rush,exterior-before-after,free,unverified,yes,no
2020charlotte@gmail.com,there,,,20/20 Window & Pressure Cleaning,20/20 Window,http://www.2020charlotte.com/,"Pineville, NC",Pineville,NC,exterior,window cleaning,before_after,"your before-and-after photos are the best sales pitch you have, and I couldn't find any on your site",before and afters,"your before-and-after photos right up top, where they sell the job",prices,While I was there I'd also show starting prices., before the spring rush,exterior-before-after,free,unverified,yes,no
antonio@rhsseamlessgutters.com,Antonio,Antonio,,Seamless Gutters,Seamless Gutters,https://www.rhsseamlessgutters.com/,"Peoria, AZ",Peoria,AZ,exterior,gutter cleaning,before_after,"your before-and-after photos are the best sales pitch you have, and I couldn't find any on your site",before and afters,"your before-and-after photos right up top, where they sell the job",prices,While I was there I'd also show starting prices., before the spring rush,exterior-before-after,personal,unverified,yes,no
joe@midasprowash.com,there,Joe,,Midas Prowash Pressure Washing,Midas Prowash Pressure Washing,https://midasprowash.com/,"San Antonio, TX",San Antonio,TX,exterior,pressure washing,before_after,"your before-and-after photos are the best sales pitch you have, and I couldn't find any on your site",before and afters,"your before-and-after photos right up top, where they sell the job",prices,While I was there I'd also show starting prices., before the spring rush,exterior-before-after,personal,unverified,yes,no
doctorsoftwash@gmail.com,there,,,Dr. Softwash,Dr. Softwash,https://softwashdr.com/,"Orlando, FL",Orlando,FL,exterior,soft washing,before_after,"your before-and-after photos are the best sales pitch you have, and I couldn't find any on your site",before and afters,"your before-and-after photos right up top, where they sell the job",prices,While I was there I'd also show starting prices., before the spring rush,exterior-before-after,free,unverified,yes,no
daniel@mrpowerwashandlawn.com,Daniel,Daniel,,Mr PowerWash & Lawn Maintenance,Mr PowerWash,http://www.mrpowerwashandlawn.com/,"San Antonio, TX",San Antonio,TX,exterior,pressure washing,before_after,"your before-and-after photos are the best sales pitch you have, and I couldn't find any on your site",before and afters,"your before-and-after photos right up top, where they sell the job",prices,While I was there I'd also show starting prices., before the spring rush,exterior-before-after,personal,unverified,yes,no
dragan@windowworksfl.com,Dragan,Dragan,,Window Works,Window Works,https://www.windowworksfl.com/,"Jacksonville, FL",Jacksonville,FL,exterior,window cleaning,before_after,"your before-and-after photos are the best sales pitch you have, and I couldn't find any on your site",before and afters,"your before-and-after photos right up top, where they sell the job",prices,While I was there I'd also show starting prices., before the spring rush,exterior-before-after,personal,unverified,yes,no
armprocleaningservice@gmail.com,there,,,Armpro Cleaning Service LLC.,Armpro Cleaning Service LLC.,https://armprocleaningservice.com/,"Greenville, SC",Greenville,SC,exterior,pressure washing,before_after,"your before-and-after photos are the best sales pitch you have, and I couldn't find any on your site",before and afters,"your before-and-after photos right up top, where they sell the job",prices,While I was there I'd also show starting prices., before the spring rush,exterior-before-after,free,unverified,yes,no
ezflowpressurewashing@gmail.com,there,,,Ez Flow Pressure Washing of Tampa Bay,Ez Flow Pressure Washing of Tampa Bay,https://goezflowpressurewashing.com/,"Tampa, FL",Tampa,FL,exterior,pressure washing,before_after,"your before-and-after photos are the best sales pitch you have, and I couldn't find any on your site",before and afters,"your before-and-after photos right up top, where they sell the job",prices,While I was there I'd also show starting prices., before the spring rush,exterior-before-after,free,unverified,yes,no
sales@prolinecentral.com,there,,,Proline Services,Proline Services,https://www.prolinecentral.com/,"Austin, TX",Austin,TX,exterior,pressure washing,before_after,"your before-and-after photos are the best sales pitch you have, and I couldn't find any on your site",before and afters,"your before-and-after photos right up top, where they sell the job",prices,While I was there I'd also show starting prices., before the spring rush,exterior-before-after,role,unverified,yes,no
gutters@goldenhammergutters.com,there,,,Golden Hammer Gutters,Golden Hammer Gutters,https://goldenhammergutters.com/,"Jacksonville, FL",Jacksonville,FL,exterior,gutter cleaning,before_after,"your before-and-after photos are the best sales pitch you have, and I couldn't find any on your site",before and afters,"your before-and-after photos right up top, where they sell the job",,, before the spring rush,exterior-before-after,personal,unverified,yes,no
adrian@ezcleanpowerwashing.com,there,Adrian,,EZ Clean Power Washing,EZ Clean Power Washing,http://www.ezcleanpowerwashing.com/,"Phoenix, AZ",Phoenix,AZ,exterior,pressure washing,before_after,"your before-and-after photos are the best sales pitch you have, and I couldn't find any on your site",before and afters,"your before-and-after photos right up top, where they sell the job",prices,While I was there I'd also show starting prices., before the spring rush,exterior-before-after,personal,unverified,yes,no
info@a1commercialrm.com,there,,,A1 Pressure Washing Tx,A1 Pressure Washing Tx,http://www.a1commercialrm.com/,"Spring, TX",Spring,TX,exterior,pressure washing,before_after,"your before-and-after photos are the best sales pitch you have, and I couldn't find any on your site",before and afters,"your before-and-after photos right up top, where they sell the job",prices,While I was there I'd also show starting prices., before the spring rush,exterior-before-after,role,unverified,yes,no
info@gutters4lessga.com,there,,,Gutters 4 Less Installation Georgia,Gutters 4 Less Installation Georgia,https://www.gutters4lessga.com/gutter-service-atlanta-ga,"Atlanta, GA",Atlanta,GA,exterior,gutter cleaning,before_after,"your before-and-after photos are the best sales pitch you have, and I couldn't find any on your site",before and afters,"your before-and-after photos right up top, where they sell the job",prices,While I was there I'd also show starting prices., before the spring rush,exterior-before-after,role,unverified,yes,no
info@a1orange.com,there,,,A1 Orange Exterior Building Services - Orlando,A1 Orange Exterior Building Services,http://www.a1orange.com/,"Orlando, FL",Orlando,FL,exterior,pressure washing,before_after,"your before-and-after photos are the best sales pitch you have, and I couldn't find any on your site",before and afters,"your before-and-after photos right up top, where they sell the job",prices,While I was there I'd also show starting prices., before the spring rush,exterior-before-after,role,unverified,yes,no
sales@sunbeltvac.com,there,,,Sunbelt Vacuum Service,Sunbelt Vacuum Service,http://www.sunbeltvac.com/,"Dallas, TX",Dallas,TX,exterior,pressure washing,before_after,"your before-and-after photos are the best sales pitch you have, and I couldn't find any on your site",before and afters,"your before-and-after photos right up top, where they sell the job",prices,While I was there I'd also show starting prices., before the spring rush,exterior-before-after,role,unverified,yes,no
lulasmith199884@gmail.com,there,,,Midway Roofing Experts,Midway Roofing Experts,https://midway-roofing-experts.ueniweb.com/,"Dallas, TX",Dallas,TX,exterior,roof cleaning,before_after,"your before-and-after photos are the best sales pitch you have, and I couldn't find any on your site",before and afters,"your before-and-after photos right up top, where they sell the job",prices,While I was there I'd also show starting prices., before the spring rush,exterior-before-after,free,unverified,yes,no
miguel@cesarpressurewashing.com,Miguel,Miguel,,Cesar pressure washing,Cesar pressure washing,https://cesarpressurewashing.com/,"Houston, TX",Houston,TX,exterior,pressure washing,before_after,"your before-and-after photos are the best sales pitch you have, and I couldn't find any on your site",before and afters,"your before-and-after photos right up top, where they sell the job",,, before the spring rush,exterior-before-after,personal,unverified,yes,no
eduardo@zabacleaning.com,Eduardo,Eduardo,,Zaba Cleaning - Home Services,Zaba Cleaning,http://zabacleaning.com/,"Houston, TX",Houston,TX,exterior,pressure washing,before_after,"your before-and-after photos are the best sales pitch you have, and I couldn't find any on your site",before and afters,"your before-and-after photos right up top, where they sell the job",prices,While I was there I'd also show starting prices., before the spring rush,exterior-before-after,personal,unverified,yes,no
hydrosplashraleigh@gmail.com,there,,,Hydro Splash Pressure Washing,Hydro Splash Pressure Washing,http://www.hydrosplashpressurewashing.com/,"Raleigh, NC",Raleigh,NC,exterior,pressure washing,before_after,"your before-and-after photos are the best sales pitch you have, and I couldn't find any on your site",before and afters,"your before-and-after photos right up top, where they sell the job",prices,While I was there I'd also show starting prices., before the spring rush,exterior-before-after,free,unverified,yes,no
simon@katytexaswindowcleaning.com,Simon,Simon,,Katy Window Cleaning,Katy Window Cleaning,https://www.katytexaswindowcleaning.com/,"Katy, TX",Katy,TX,exterior,window cleaning,before_after,"your before-and-after photos are the best sales pitch you have, and I couldn't find any on your site",before and afters,"your before-and-after photos right up top, where they sell the job",prices,While I was there I'd also show starting prices., before the spring rush,exterior-before-after,personal,unverified,yes,no
hello@cleantowers.com,there,,,Clean Towers Window Cleaning,Clean Towers Window Cleaning,http://cleantowers.com/,"Tempe, AZ",Tempe,AZ,exterior,window cleaning,before_after,"your before-and-after photos are the best sales pitch you have, and I couldn't find any on your site",before and afters,"your before-and-after photos right up top, where they sell the job",prices,While I was there I'd also show starting prices., before the spring rush,exterior-before-after,role,unverified,yes,no
woodlandspowerwashing@gmail.com,there,,,Woodlands Power Washing,Woodlands Power Washing,https://woodlandspowerwashing.com/,"Spring, TX",Spring,TX,exterior,pressure washing,before_after,"your before-and-after photos are the best sales pitch you have, and I couldn't find any on your site",before and afters,"your before-and-after photos right up top, where they sell the job",prices,While I was there I'd also show starting prices., before the spring rush,exterior-before-after,free,unverified,yes,no
contact@vltrianglesolutions.com,there,,,V&L Triangle Solutions,V&L Triangle Solutions,https://vltrianglesolutions.com/,"Raleigh, NC",Raleigh,NC,exterior,pressure washing,before_after,"your before-and-after photos are the best sales pitch you have, and I couldn't find any on your site",before and afters,"your before-and-after photos right up top, where they sell the job",prices,While I was there I'd also show starting prices., before the spring rush,exterior-before-after,role,unverified,yes,no
valeocleaningco@gmail.com,there,,,Valeo Cleaning Company,Valeo Cleaning Company,https://www.valeocleaningco.com/,"Orlando, FL",Orlando,FL,exterior,pressure washing,before_after,"your before-and-after photos are the best sales pitch you have, and I couldn't find any on your site",before and afters,"your before-and-after photos right up top, where they sell the job",prices,While I was there I'd also show starting prices., before the spring rush,exterior-before-after,free,unverified,yes,no
clean@greenlightservices.com,there,,,Greenlight Services,Greenlight Services,https://greenlightservices.com/,"Houston, TX",Houston,TX,exterior,pressure washing,before_after,"your before-and-after photos are the best sales pitch you have, and I couldn't find any on your site",before and afters,"your before-and-after photos right up top, where they sell the job",prices,While I was there I'd also show starting prices., before the spring rush,exterior-before-after,personal,unverified,yes,no
info@smileyprowash.com,there,,,Smiley Pro Wash,Smiley Pro Wash,https://smileyprowash.com/,"Huntsville, AL",Huntsville,AL,exterior,pressure washing,before_after,"your before-and-after photos are the best sales pitch you have, and I couldn't find any on your site",before and afters,"your before-and-after photos right up top, where they sell the job",prices,While I was there I'd also show starting prices., before the spring rush,exterior-before-after,role,unverified,yes,no
info@washybear.com,there,,,Washy Bear Pressure Washing,Washy Bear Pressure Washing,http://washybear.com/,"Tampa, FL",Tampa,FL,exterior,pressure washing,before_after,"your before-and-after photos are the best sales pitch you have, and I couldn't find any on your site",before and afters,"your before-and-after photos right up top, where they sell the job",,, before the spring rush,exterior-before-after,role,unverified,yes,no
mastersgutters@gmail.com,there,,,Masters Gutters,Masters Gutters,http://mastersgutters.wixsite.com/good,"Raleigh, NC",Raleigh,NC,exterior,gutter cleaning,before_after,"your before-and-after photos are the best sales pitch you have, and I couldn't find any on your site",before and afters,"your before-and-after photos right up top, where they sell the job",,, before the spring rush,exterior-before-after,free,unverified,yes,no
cjswindows205@gmail.com,there,,,CJ's Window Cleaning & Pressure Washing,CJ's Window Cleaning,https://www.cjsprofessionalcleaning.com/,"Birmingham, AL",Birmingham,AL,exterior,window cleaning,before_after,"your before-and-after photos are the best sales pitch you have, and I couldn't find any on your site",before and afters,"your before-and-after photos right up top, where they sell the job",prices,While I was there I'd also show starting prices., before the spring rush,exterior-before-after,free,unverified,yes,no
hello@opuswindowcleaning.com,there,,,Opus Window Cleaning,Opus Window Cleaning,https://opuswindowcleaning.com/,"Houston, TX",Houston,TX,exterior,window cleaning,before_after,"your before-and-after photos are the best sales pitch you have, and I couldn't find any on your site",before and afters,"your before-and-after photos right up top, where they sell the job",prices,While I was there I'd also show starting prices., before the spring rush,exterior-before-after,role,unverified,yes,no
gary@amsgutters.com,there,Gary,,A.M.S. Gutters,A.M.S. Gutters,https://amsgutters.com/,"Addison, TX",Addison,TX,exterior,gutter cleaning,before_after,"your before-and-after photos are the best sales pitch you have, and I couldn't find any on your site",before and afters,"your before-and-after photos right up top, where they sell the job",prices,While I was there I'd also show starting prices., before the spring rush,exterior-before-after,personal,unverified,yes,no
smartsoftwashpro@gmail.com,there,,,Smart Softwash Pro (Pressure Washing Specialist),Smart Softwash Pro (Pressure Washing Specialist),https://smartsoftwashpro.com/,"Jacksonville, FL",Jacksonville,FL,exterior,soft washing,before_after,"your before-and-after photos are the best sales pitch you have, and I couldn't find any on your site",before and afters,"your before-and-after photos right up top, where they sell the job",prices,While I was there I'd also show starting prices., before the spring rush,exterior-before-after,free,unverified,yes,no
nexxcleaningllc@gmail.com,there,,,NEXX Cleaning,NEXX Cleaning,http://www.nexxcleaning.com/,"Wake Forest, NC",Wake Forest,NC,exterior,pressure washing,before_after,"your before-and-after photos are the best sales pitch you have, and I couldn't find any on your site",before and afters,"your before-and-after photos right up top, where they sell the job",prices,While I was there I'd also show starting prices., before the spring rush,exterior-before-after,free,unverified,yes,no
lollieecs@gmail.com,there,,,Lollie Exterior Cleaning Services,Lollie Exterior Cleaning Services,https://lollieexteriorcleaningservices.com/,"Nashville, TN",Nashville,TN,exterior,pressure washing,before_after,"your before-and-after photos are the best sales pitch you have, and I couldn't find any on your site",before and afters,"your before-and-after photos right up top, where they sell the job",prices,While I was there I'd also show starting prices., before the spring rush,exterior-before-after,free,unverified,yes,no
contact@glassglowusa.com,there,,,GLASSGLOW Professional,GLASSGLOW Professional,https://glassglowusa.com/,"Dallas, TX",Dallas,TX,exterior,pressure washing,before_after,"your before-and-after photos are the best sales pitch you have, and I couldn't find any on your site",before and afters,"your before-and-after photos right up top, where they sell the job",prices,While I was there I'd also show starting prices., before the spring rush,exterior-before-after,role,unverified,yes,no
uniquelyprowashingllc@gmail.com,there,,,Uniquely Pro Washing,Uniquely Pro Washing,http://uniquelyprowashingllc.com/,"Tampa, FL",Tampa,FL,exterior,pressure washing,before_after,"your before-and-after photos are the best sales pitch you have, and I couldn't find any on your site",before and afters,"your before-and-after photos right up top, where they sell the job",prices,While I was there I'd also show starting prices., before the spring rush,exterior-before-after,free,unverified,yes,no
jose@pressuregeeks.com,Jose,Jose,,Pressure Geeks,Pressure Geeks,http://www.pressuregeeks.com/,"Houston, TX",Houston,TX,exterior,pressure washing,before_after,"your before-and-after photos are the best sales pitch you have, and I couldn't find any on your site",before and afters,"your before-and-after photos right up top, where they sell the job",prices,While I was there I'd also show starting prices., before the spring rush,exterior-before-after,personal,unverified,yes,no
elisa@eliscleaningsolutions.com,Elisa,Elisa,,Elis Cleaning Solutions,Elis Cleaning Solutions,https://eliscleaningsolutions.com/,"Orlando, FL",Orlando,FL,exterior,pressure washing,before_after,"your before-and-after photos are the best sales pitch you have, and I couldn't find any on your site",before and afters,"your before-and-after photos right up top, where they sell the job",prices,While I was there I'd also show starting prices., before the spring rush,exterior-before-after,personal,unverified,yes,no
cgsexteriorservices@gmail.com,there,,,CGS Exterior Services,CGS Exterior Services,https://cgsservicestn.com/,"Memphis, TN",Memphis,TN,exterior,pressure washing,before_after,"your before-and-after photos are the best sales pitch you have, and I couldn't find any on your site",before and afters,"your before-and-after photos right up top, where they sell the job",prices,While I was there I'd also show starting prices., before the spring rush,exterior-before-after,free,unverified,yes,no
sales@republicsoftwash.com,there,,,Republic Softwash,Republic Softwash,http://www.republicsoftwash.com/,"Houston, TX",Houston,TX,exterior,soft washing,before_after,"your before-and-after photos are the best sales pitch you have, and I couldn't find any on your site",before and afters,"your before-and-after photos right up top, where they sell the job",,, before the spring rush,exterior-before-after,role,unverified,yes,no
info@tampabaydroneworx.com,there,,,Tampa Bay Droneworx,Tampa Bay Droneworx,https://www.tampabaydroneworx.com/,"St. Petersburg, FL",St. Petersburg,FL,exterior,pressure washing,before_after,"your before-and-after photos are the best sales pitch you have, and I couldn't find any on your site",before and afters,"your before-and-after photos right up top, where they sell the job",prices,While I was there I'd also show starting prices., before the spring rush,exterior-before-after,role,unverified,yes,no
applynpressurefl@gmail.com,there,,,Apply'N'Presha LLC Pressure Washing,Apply'N'Presha LLC Pressure Washing,http://applynpressurefl.com/,"Jacksonville, FL",Jacksonville,FL,exterior,pressure washing,before_after,"your before-and-after photos are the best sales pitch you have, and I couldn't find any on your site",before and afters,"your before-and-after photos right up top, where they sell the job",prices,While I was there I'd also show starting prices., before the spring rush,exterior-before-after,free,unverified,yes,no
info@iconcleaningservices.com,there,,,Icon Cleaning Services,Icon Cleaning Services,https://www.iconcleaningservices.com/contact-us/,"Atlanta, GA",Atlanta,GA,exterior,pressure washing,before_after,"your before-and-after photos are the best sales pitch you have, and I couldn't find any on your site",before and afters,"your before-and-after photos right up top, where they sell the job",prices,While I was there I'd also show starting prices., before the spring rush,exterior-before-after,role,unverified,yes,no
lanspowerwash@gmail.com,there,,,Lann'z Power Wash Respectful Cleaning and More Services,Lann'z Power Wash Respectful Cleaning,https://lannzpowerwash.com/,"Chattanooga, TN",Chattanooga,TN,exterior,pressure washing,before_after,"your before-and-after photos are the best sales pitch you have, and I couldn't find any on your site",before and afters,"your before-and-after photos right up top, where they sell the job",prices,While I was there I'd also show starting prices., before the spring rush,exterior-before-after,free,unverified,yes,no
butch@pressurewashonline.com,there,Butch,,Pressure Wash,Pressure Wash,http://www.pressurewashonline.com/,"Nashville, TN",Nashville,TN,exterior,pressure washing,before_after,"your before-and-after photos are the best sales pitch you have, and I couldn't find any on your site",before and afters,"your before-and-after photos right up top, where they sell the job",prices,While I was there I'd also show starting prices., before the spring rush,exterior-before-after,personal,unverified,yes,no
info@gandaexteriorcleaning.com,there,,,G&A Exterior Cleaning,G&A Exterior Cleaning,https://gandaexteriorcleaning.com/,"Ocala, FL",Ocala,FL,exterior,pressure washing,before_after,"your before-and-after photos are the best sales pitch you have, and I couldn't find any on your site",before and afters,"your before-and-after photos right up top, where they sell the job",prices,While I was there I'd also show starting prices., before the spring rush,exterior-before-after,role,unverified,yes,no
jceservices2025@gmail.com,there,,,Quality Pressure Washing of Houston,Quality Pressure Washing of Houston,https://www.qualitypressurewashingofhouston.com/,"Houston, TX",Houston,TX,exterior,pressure washing,before_after,"your before-and-after photos are the best sales pitch you have, and I couldn't find any on your site",before and afters,"your before-and-after photos right up top, where they sell the job",prices,While I was there I'd also show starting prices., before the spring rush,exterior-before-after,free,unverified,yes,no
hudsonpressurewashing@yahoo.com,there,,,Hudson Pressure Washing,Hudson Pressure Washing,https://www.hudsonpressurewashing.com/,"Spring, TX",Spring,TX,exterior,pressure washing,before_after,"your before-and-after photos are the best sales pitch you have, and I couldn't find any on your site",before and afters,"your before-and-after photos right up top, where they sell the job",prices,While I was there I'd also show starting prices., before the spring rush,exterior-before-after,free,unverified,yes,no
helpdesk@ezzzclean.net,there,,,EZZZ Clean,EZZZ Clean,http://www.ezzzclean.net/,"Jacksonville, FL",Jacksonville,FL,exterior,pressure washing,before_after,"your before-and-after photos are the best sales pitch you have, and I couldn't find any on your site",before and afters,"your before-and-after photos right up top, where they sell the job",prices,While I was there I'd also show starting prices., before the spring rush,exterior-before-after,personal,unverified,yes,no
service@rocketcitysoftwash.com,there,,,Rocket City Soft Wash,Rocket City Soft Wash,https://rocketcitysoftwash.com/,"Madison, AL",Madison,AL,exterior,soft washing,before_after,"your before-and-after photos are the best sales pitch you have, and I couldn't find any on your site",before and afters,"your before-and-after photos right up top, where they sell the job",,, before the spring rush,exterior-before-after,role,unverified,yes,no
info@plbpw.com,there,,,PLB Pressure Washing,PLB Pressure Washing,http://plbpw.com/,"Raleigh, NC",Raleigh,NC,exterior,pressure washing,before_after,"your before-and-after photos are the best sales pitch you have, and I couldn't find any on your site",before and afters,"your before-and-after photos right up top, where they sell the job",prices,While I was there I'd also show starting prices., before the spring rush,exterior-before-after,role,unverified,yes,no
thisissmith15@gmail.com,there,,,Smith’s Platinum Power Wash,Smith’s Platinum Power Wash,https://www.smithsplatinumpowerwash.com/,"Goodlettsville, TN",Goodlettsville,TN,exterior,pressure washing,before_after,"your before-and-after photos are the best sales pitch you have, and I couldn't find any on your site",before and afters,"your before-and-after photos right up top, where they sell the job",prices,While I was there I'd also show starting prices., before the spring rush,exterior-before-after,free,unverified,yes,no
floritegs@gmail.com,there,,,Flo-Rite Gutter Service,Flo-Rite Gutter Service,http://floritegutterservice.com/,"Goodlettsville, TN",Goodlettsville,TN,exterior,gutter cleaning,before_after,"your before-and-after photos are the best sales pitch you have, and I couldn't find any on your site",before and afters,"your before-and-after photos right up top, where they sell the job",,, before the spring rush,exterior-before-after,free,unverified,yes,no
contact@adamspowerwashingtx.com,there,,,Adam's Powerwashing,Adam's Powerwashing,https://www.adamspowerwashingtx.com/,"Houston, TX",Houston,TX,exterior,pressure washing,before_after,"your before-and-after photos are the best sales pitch you have, and I couldn't find any on your site",before and afters,"your before-and-after photos right up top, where they sell the job",prices,While I was there I'd also show starting prices., before the spring rush,exterior-before-after,role,unverified,yes,no
washwithdynamite@gmail.com,there,,,Dynamite Pressure Washing & Exterior Cleaning,Dynamite Pressure Washing,https://dynamitewash.com/,"Peoria, AZ",Peoria,AZ,exterior,pressure washing,before_after,"your before-and-after photos are the best sales pitch you have, and I couldn't find any on your site",before and afters,"your before-and-after photos right up top, where they sell the job",prices,While I was there I'd also show starting prices., before the spring rush,exterior-before-after,free,unverified,yes,no
childerspressurewashing@gmail.com,there,,,Childers,Childers,https://childerspressurewashing.com/pressure-washing-company-in-greenville-sc/,"Greenville, SC",Greenville,SC,exterior,pressure washing,before_after,"your before-and-after photos are the best sales pitch you have, and I couldn't find any on your site",before and afters,"your before-and-after photos right up top, where they sell the job",prices,While I was there I'd also show starting prices., before the spring rush,exterior-before-after,free,unverified,yes,no
support@atlantacleaningsystems.com,there,,,Atlanta Cleaning Systems,Atlanta Cleaning Systems,http://atlantacleaningsystems.com/,"Atlanta, GA",Atlanta,GA,exterior,pressure washing,before_after,"your before-and-after photos are the best sales pitch you have, and I couldn't find any on your site",before and afters,"your before-and-after photos right up top, where they sell the job",prices,While I was there I'd also show starting prices., before the spring rush,exterior-before-after,role,unverified,yes,no
info@greenfroggutters.com,there,,,Green frog gutters,Green frog gutters,http://greenfroggutters.com/,"Tampa, FL",Tampa,FL,exterior,gutter cleaning,before_after,"your before-and-after photos are the best sales pitch you have, and I couldn't find any on your site",before and afters,"your before-and-after photos right up top, where they sell the job",prices,While I was there I'd also show starting prices., before the spring rush,exterior-before-after,role,unverified,yes,no
guttersforyouusa@gmail.com,there,,,Gutters For You,Gutters For You,http://www.guttersforyouusa.com/,"Orlando, FL",Orlando,FL,exterior,gutter cleaning,before_after,"your before-and-after photos are the best sales pitch you have, and I couldn't find any on your site",before and afters,"your before-and-after photos right up top, where they sell the job",prices,While I was there I'd also show starting prices., before the spring rush,exterior-before-after,free,unverified,yes,no
carolinaoutdoorpressureservice@gmail.com,there,,,Carolina Outdoor Pressure Service,Carolina Outdoor Pressure Service,https://www.carolinaoutdoorpressureservice.com/,"Raleigh, NC",Raleigh,NC,exterior,pressure washing,before_after,"your before-and-after photos are the best sales pitch you have, and I couldn't find any on your site",before and afters,"your before-and-after photos right up top, where they sell the job",prices,While I was there I'd also show starting prices., before the spring rush,exterior-before-after,free,unverified,yes,no
nwwc1@yahoo.com,there,,,Nationwide Window Cleaning,Nationwide Window Cleaning,http://www.windowcleanatl.com/,"Atlanta, GA",Atlanta,GA,exterior,window cleaning,before_after,"your before-and-after photos are the best sales pitch you have, and I couldn't find any on your site",before and afters,"your before-and-after photos right up top, where they sell the job",prices,While I was there I'd also show starting prices., before the spring rush,exterior-before-after,free,unverified,yes,no
legacywindowllc@gmail.com,there,,,Legacy Window Cleaning,Legacy Window Cleaning,https://www.legacywindowllc.com/,"Fort Mill, SC",Fort Mill,SC,exterior,window cleaning,before_after,"your before-and-after photos are the best sales pitch you have, and I couldn't find any on your site",before and afters,"your before-and-after photos right up top, where they sell the job",prices,While I was there I'd also show starting prices., before the spring rush,exterior-before-after,free,unverified,yes,no
swipservices@gmail.com,there,,,SWIP PROPERTY SERVICES,SWIP PROPERTY SERVICES,https://www.swipgutters.com/,"Orlando, FL",Orlando,FL,exterior,pressure washing,before_after,"your before-and-after photos are the best sales pitch you have, and I couldn't find any on your site",before and afters,"your before-and-after photos right up top, where they sell the job",prices,While I was there I'd also show starting prices., before the spring rush,exterior-before-after,free,unverified,yes,no
support@nopressurepowerwash.com,there,,,No Pressure Power Washing,No Pressure Power Washing,https://www.nopressurepowerwash.com/contact-us,"Raleigh, NC",Raleigh,NC,exterior,pressure washing,before_after,"your before-and-after photos are the best sales pitch you have, and I couldn't find any on your site",before and afters,"your before-and-after photos right up top, where they sell the job",prices,While I was there I'd also show starting prices., before the spring rush,exterior-before-after,role,unverified,yes,no
goguttersoftampabay@gmail.com,there,,,Go Gutters,Go Gutters,http://www.goguttersoftampabay.com/,"Tampa, FL",Tampa,FL,exterior,gutter cleaning,before_after,"your before-and-after photos are the best sales pitch you have, and I couldn't find any on your site",before and afters,"your before-and-after photos right up top, where they sell the job",prices,While I was there I'd also show starting prices., before the spring rush,exterior-before-after,free,unverified,yes,no
guttersandmoregutters@gmail.com,there,,,Jacksonville Gutter Pros,Jacksonville Gutter Pros,https://www.guttersandmoregutters.com/gutter-installation-jacksonville-fl/,"Jacksonville, FL",Jacksonville,FL,exterior,gutter cleaning,before_after,"your before-and-after photos are the best sales pitch you have, and I couldn't find any on your site",before and afters,"your before-and-after photos right up top, where they sell the job",prices,While I was there I'd also show starting prices., before the spring rush,exterior-before-after,free,unverified,yes,no
sales@cleanproguttercleaning.com,there,,,Fast Pros,Fast Pros,https://www.cleanproguttercleaning.com/gutter-cleaning-nashville/,"Nashville, TN",Nashville,TN,exterior,pressure washing,before_after,"your before-and-after photos are the best sales pitch you have, and I couldn't find any on your site",before and afters,"your before-and-after photos right up top, where they sell the job",,, before the spring rush,exterior-before-after,role,unverified,yes,no
info@nationsroof.com,there,,,Nations Roof - National Service Center,Nations Roof,https://nationsroof.com/national-service-center,"Mobile, AL",Mobile,AL,exterior,roof cleaning,before_after,"your before-and-after photos are the best sales pitch you have, and I couldn't find any on your site",before and afters,"your before-and-after photos right up top, where they sell the job",prices,While I was there I'd also show starting prices., before the spring rush,exterior-before-after,role,unverified,yes,no
info@jacmanenterprisesllc.com,there,,,JacMan Enterprises,JacMan Enterprises,http://www.jacmanenterprisesllc.com/,"Montgomery, AL",Montgomery,AL,exterior,pressure washing,before_after,"your before-and-after photos are the best sales pitch you have, and I couldn't find any on your site",before and afters,"your before-and-after photos right up top, where they sell the job",prices,While I was there I'd also show starting prices., before the spring rush,exterior-before-after,role,unverified,yes,no
sales@charlottepowerwashing.com,there,,,Charlotte Power Washing,Charlotte Power Washing,https://www.charlottepowerwashing.com/,"Charlotte, NC",Charlotte,NC,exterior,pressure washing,before_after,"your before-and-after photos are the best sales pitch you have, and I couldn't find any on your site",before and afters,"your before-and-after photos right up top, where they sell the job",prices,While I was there I'd also show starting prices., before the spring rush,exterior-before-after,role,unverified,yes,no
harwellexterior@gmail.com,there,,,Harwell Exterior,Harwell Exterior,https://www.harwell-exterior.com/,"Mobile, AL",Mobile,AL,exterior,pressure washing,before_after,"your before-and-after photos are the best sales pitch you have, and I couldn't find any on your site",before and afters,"your before-and-after photos right up top, where they sell the job",prices,While I was there I'd also show starting prices., before the spring rush,exterior-before-after,free,unverified,yes,no
willissoftwash@gmail.com,there,,,Willis Soft Wash,Willis Soft Wash,https://liamssoftwashing.godaddysites.com/,"Greenville, SC",Greenville,SC,exterior,soft washing,before_after,"your before-and-after photos are the best sales pitch you have, and I couldn't find any on your site",before and afters,"your before-and-after photos right up top, where they sell the job",,, before the spring rush,exterior-before-after,free,unverified,yes,no
info@areawidewindowcleaning.com,there,,,AreaWide Window Cleaning,AreaWide Window Cleaning,https://www.areawidewindowcleaning.com/contact-us-2/,"Tampa, FL",Tampa,FL,exterior,window cleaning,before_after,"your before-and-after photos are the best sales pitch you have, and I couldn't find any on your site",before and afters,"your before-and-after photos right up top, where they sell the job",prices,While I was there I'd also show starting prices., before the spring rush,exterior-before-after,role,unverified,yes,no
big3htx@gmail.com,there,,,BIG3 Window Cleaning,BIG3 Window Cleaning,http://big3llc.com/,"Sugar Land, TX",Sugar Land,TX,exterior,window cleaning,before_after,"your before-and-after photos are the best sales pitch you have, and I couldn't find any on your site",before and afters,"your before-and-after photos right up top, where they sell the job",prices,While I was there I'd also show starting prices., before the spring rush,exterior-before-after,free,unverified,yes,no
staleychealsey@gmail.com,there,,,Attention to Detail,Attention to Detail,https://attention-to-detail-us.ueniweb.com/,"Keithville, LA",Keithville,LA,exterior,pressure washing,before_after,"your before-and-after photos are the best sales pitch you have, and I couldn't find any on your site",before and afters,"your before-and-after photos right up top, where they sell the job",prices,While I was there I'd also show starting prices., before the spring rush,exterior-before-after,free,unverified,yes,no
