email,first_name,name_guess,last_name,company_name,short_name,website,location,city,state,niche,service,gap,gap_line,gap_subject,fix_line,second_gap,second_gap_sentence,season_hook,campaign,email_type,email_status,gap_confirmed,send_ready
info@lawncure.com,there,,,Lawn Cure,Lawn Cure,http://www.lawncure.com/,"Sellersburg, IN",Sellersburg,IN,lawn,lawn care,prices,"your site doesn't give even a starting price, so people who want a ballpark for mowing tend to move on to the next company",prices on your site,"starting prices for your main services, so people see a number before they call",,, before spring sign-ups start,lawn-prices,role,unverified,yes,no
support@cardinallawns.com,there,,,Cardinal Lawns,Cardinal Lawns,https://cardinallawns.com/,"Columbus, OH",Columbus,OH,lawn,lawn care,prices,"your site doesn't give even a starting price, so people who want a ballpark for mowing tend to move on to the next company",prices on your site,"starting prices for your main services, so people see a number before they call",,, before spring sign-ups start,lawn-prices,role,unverified,yes,no
tlctotallawncareindy@gmail.com,there,,,Total Lawn Care,Total Lawn Care,http://www.tlctotallawncare.net/,"Indianapolis, IN",Indianapolis,IN,lawn,lawn care,prices,"your site doesn't give even a starting price, so people who want a ballpark for mowing tend to move on to the next company",prices on your site,"starting prices for your main services, so people see a number before they call",,, before spring sign-ups start,lawn-prices,free,unverified,yes,no
care@lawntech.com,there,,,Lawn Tech,Lawn Tech,https://lawntech.com/,"Plano, TX",Plano,TX,lawn,lawn care,prices,"your site doesn't give even a starting price, so people who want a ballpark for mowing tend to move on to the next company",prices on your site,"starting prices for your main services, so people see a number before they call",,, before spring sign-ups start,lawn-prices,personal,unverified,yes,no
hello@primepestandlawn.com,there,,,Prime Pest and Lawn,Prime Pest,https://www.primepestandlawn.com/,"Lawton, OK",Lawton,OK,lawn,lawn care,prices,"your site doesn't give even a starting price, so people who want a ballpark for mowing tend to move on to the next company",prices on your site,"starting prices for your main services, so people see a number before they call",,, before spring sign-ups start,lawn-prices,role,unverified,yes,no
contactus@bergerhargis.com,there,,,Berger Hargis Management,Berger Hargis Management,https://www.bergerhargis.com/,"Indianapolis, IN",Indianapolis,IN,lawn,lawn care,prices,"your site doesn't give even a starting price, so people who want a ballpark for mowing tend to move on to the next company",prices on your site,"starting prices for your main services, so people see a number before they call",,, before spring sign-ups start,lawn-prices,personal,unverified,yes,no
guzman@guzmangreen.com,there,,,Guzman Green Land & Tree,Guzman Green Land,http://www.guzmangreen.com/,"Charlotte, NC",Charlotte,NC,lawn,lawn care,prices,"your site doesn't give even a starting price, so people who want a ballpark for mowing tend to move on to the next company",prices on your site,"starting prices for your main services, so people see a number before they call",,, before spring sign-ups start,lawn-prices,personal,unverified,yes,no
info@horizonlawnkc.com,there,,,Horizon Lawn & Landscape,Horizon Lawn,https://www.horizonlawnkc.com/,"Lee's Summit, MO",Lee's Summit,MO,lawn,landscaping,prices,"your site doesn't give even a starting price, so people who want a ballpark for mowing tend to move on to the next company",prices on your site,"starting prices for your main services, so people see a number before they call",,, before spring sign-ups start,lawn-prices,role,unverified,yes,no
brett@greenworx180.us,Brett,Brett,,GreenWorx180,GreenWorx180,https://www.greenworx180.us/,"Charlotte, NC",Charlotte,NC,lawn,lawn care,prices,"your site doesn't give even a starting price, so people who want a ballpark for mowing tend to move on to the next company",prices on your site,"starting prices for your main services, so people see a number before they call",,, before spring sign-ups start,lawn-prices,personal,unverified,yes,no
twinbroslcl@gmail.com,there,,,Twin Bros Lawn Care & Landscaping,Twin Bros Lawn Care,https://twinbroslawncare.com/,"Overland Park, KS",Overland Park,KS,lawn,landscaping,prices,"your site doesn't give even a starting price, so people who want a ballpark for mowing tend to move on to the next company",prices on your site,"starting prices for your main services, so people see a number before they call",,, before spring sign-ups start,lawn-prices,free,unverified,yes,no
office@hireheartland.com,there,,,Heartland Landscape Group,Heartland Landscape Group,http://hireheartland.com/,"Jones, OK",Jones,OK,lawn,landscaping,prices,"your site doesn't give even a starting price, so people who want a ballpark for mowing tend to move on to the next company",prices on your site,"starting prices for your main services, so people see a number before they call",,, before spring sign-ups start,lawn-prices,role,unverified,yes,no
service@soonerturf.com,there,,,Sooner Turf Lawn Care and Weed Control,Sooner Turf Lawn Care,https://soonerturf.com/,"Oklahoma City, OK",Oklahoma City,OK,lawn,lawn care,prices,"your site doesn't give even a starting price, so people who want a ballpark for mowing tend to move on to the next company",prices on your site,"starting prices for your main services, so people see a number before they call",,, before spring sign-ups start,lawn-prices,role,unverified,yes,no
juanita@esparzalawncareservice.com,Juanita,Juanita,,Esparza Lawn Care Service,Esparza Lawn Care Service,https://www.esparzalawncareservice.com/,"Seagoville, TX",Seagoville,TX,lawn,lawn care,prices,"your site doesn't give even a starting price, so people who want a ballpark for mowing tend to move on to the next company",prices on your site,"starting prices for your main services, so people see a number before they call",,, before spring sign-ups start,lawn-prices,personal,unverified,yes,no
admin@pgalawncare.com,there,,,PGA Lawn Care,PGA Lawn Care,https://pgalawncare.com/,"Charlotte, NC",Charlotte,NC,lawn,lawn care,prices,"your site doesn't give even a starting price, so people who want a ballpark for mowing tend to move on to the next company",prices on your site,"starting prices for your main services, so people see a number before they call",tap_to_call,While I was there I'd also add a tap-to-call button., before spring sign-ups start,lawn-prices,role,unverified,yes,no
signaturelandscapeclt@gmail.com,there,,,Signature Lawn And Landscape,Signature Lawn,http://signaturelawnandlandscape.com/,"Mint Hill, NC",Mint Hill,NC,lawn,landscaping,prices,"your site doesn't give even a starting price, so people who want a ballpark for mowing tend to move on to the next company",prices on your site,"starting prices for your main services, so people see a number before they call",,, before spring sign-ups start,lawn-prices,free,unverified,yes,no
info@heartlandturf.com,there,,,Heartland Turf and Landscape,Heartland Turf,https://www.heartlandturf.com/,"Leawood, KS",Leawood,KS,lawn,landscaping,prices,"your site doesn't give even a starting price, so people who want a ballpark for mowing tend to move on to the next company",prices on your site,"starting prices for your main services, so people see a number before they call",,, before spring sign-ups start,lawn-prices,role,unverified,yes,no
info@hiddencreeklandscaping.com,there,,,Hidden Creek Landscaping,Hidden Creek Landscaping,https://www.hiddencreeklandscaping.com/,"Hilliard, OH",Hilliard,OH,lawn,landscaping,prices,"your site doesn't give even a starting price, so people who want a ballpark for mowing tend to move on to the next company",prices on your site,"starting prices for your main services, so people see a number before they call",,, before spring sign-ups start,lawn-prices,role,unverified,yes,no
yardsolutionsone@gmail.com,there,,,Yard Solutions Weed Control,Yard Solutions Weed Control,https://www.yardsolutionsok.com/,"Moore, OK",Moore,OK,lawn,lawn care,prices,"your site doesn't give even a starting price, so people who want a ballpark for mowing tend to move on to the next company",prices on your site,"starting prices for your main services, so people see a number before they call",,, before spring sign-ups start,lawn-prices,free,unverified,yes,no
joe@joeslawncarecompany.com,Joe,Joe,,Joe's Lawn Care,Joe's Lawn Care,https://www.joeslawncarecompany.com/,"Louisville, KY",Louisville,KY,lawn,lawn care,prices,"your site doesn't give even a starting price, so people who want a ballpark for mowing tend to move on to the next company",prices on your site,"starting prices for your main services, so people see a number before they call",,, before spring sign-ups start,lawn-prices,personal,unverified,yes,no
info@greenimagelandscape.com,there,,,GreenImage Landscape & Design,GreenImage Landscape,http://greenimagelandscape.com/,"Indianapolis, IN",Indianapolis,IN,lawn,landscaping,prices,"your site doesn't give even a starting price, so people who want a ballpark for mowing tend to move on to the next company",prices on your site,"starting prices for your main services, so people see a number before they call",,, before spring sign-ups start,lawn-prices,role,unverified,yes,no
sales@securelawn.com,there,,,Secure Lawn,Secure Lawn,https://securelawn.com/,"Murfreesboro, TN",Murfreesboro,TN,lawn,lawn care,prices,"your site doesn't give even a starting price, so people who want a ballpark for mowing tend to move on to the next company",prices on your site,"starting prices for your main services, so people see a number before they call",,, before spring sign-ups start,lawn-prices,role,unverified,yes,no
info@mroutdoorliving.com,there,,,Mr. Outdoor Living,Mr. Outdoor Living,http://mroutdoorliving.com/,"Charlotte, NC",Charlotte,NC,lawn,lawn care,prices,"your site doesn't give even a starting price, so people who want a ballpark for mowing tend to move on to the next company",prices on your site,"starting prices for your main services, so people see a number before they call",,, before spring sign-ups start,lawn-prices,role,unverified,yes,no
info@treyslawnandlandscape.com,there,,,Trey's Lawn & Landscape,Trey's Lawn,http://treyslawnandlandscape.com/,"Parkville, MO",Parkville,MO,lawn,landscaping,prices,"your site doesn't give even a starting price, so people who want a ballpark for mowing tend to move on to the next company",prices on your site,"starting prices for your main services, so people see a number before they call",,, before spring sign-ups start,lawn-prices,role,unverified,yes,no
txlawnlegends@gmail.com,there,,,Texas Lawn Legends,Texas Lawn Legends,https://www.txlawnlegends.com/,"Dallas, TX",Dallas,TX,lawn,lawn care,prices,"your site doesn't give even a starting price, so people who want a ballpark for mowing tend to move on to the next company",prices on your site,"starting prices for your main services, so people see a number before they call",,, before spring sign-ups start,lawn-prices,free,unverified,yes,no
office@primmslandscaping.com,there,,,Primm's Landscaping,Primm's Landscaping,https://www.primmslandscaping.com/,"Murfreesboro, TN",Murfreesboro,TN,lawn,landscaping,prices,"your site doesn't give even a starting price, so people who want a ballpark for mowing tend to move on to the next company",prices on your site,"starting prices for your main services, so people see a number before they call",,, before spring sign-ups start,lawn-prices,role,unverified,yes,no
gandgpropertycaremo@gmail.com,there,,,G&G Property Care,G&G Property Care,https://gandgpropertycare.com/,"Lee's Summit, MO",Lee's Summit,MO,lawn,lawn care,prices,"your site doesn't give even a starting price, so people who want a ballpark for mowing tend to move on to the next company",prices on your site,"starting prices for your main services, so people see a number before they call",,, before spring sign-ups start,lawn-prices,free,unverified,yes,no
support@siaradesigns.com,there,,,SIARA DESIGNS,SIARA DESIGNS,http://www.siaradesigns.com/,"Dallas, TX",Dallas,TX,lawn,lawn care,prices,"your site doesn't give even a starting price, so people who want a ballpark for mowing tend to move on to the next company",prices on your site,"starting prices for your main services, so people see a number before they call",,, before spring sign-ups start,lawn-prices,role,unverified,yes,no
info@stonemanrocks.com,there,,,The Stone Man,The Stone Man,https://stonemanrocks.com/,"Fort Mill, SC",Fort Mill,SC,lawn,lawn care,prices,"your site doesn't give even a starting price, so people who want a ballpark for mowing tend to move on to the next company",prices on your site,"starting prices for your main services, so people see a number before they call",,, before spring sign-ups start,lawn-prices,role,unverified,yes,no
theoutdoorgrouptog@yahoo.com,there,,,The Outdoor Group,The Outdoor Group,https://theoutdoorgrouptog.com/,"Huntsville, AL",Huntsville,AL,lawn,lawn care,prices,"your site doesn't give even a starting price, so people who want a ballpark for mowing tend to move on to the next company",prices on your site,"starting prices for your main services, so people see a number before they call",,, before spring sign-ups start,lawn-prices,free,unverified,yes,no
admin@highergroundlm.com,there,,,Higher Ground Lawn Care & Landscape Lighting,Higher Ground Lawn Care,https://highergroundlm.com/,"Dallas, TX",Dallas,TX,lawn,landscaping,prices,"your site doesn't give even a starting price, so people who want a ballpark for mowing tend to move on to the next company",prices on your site,"starting prices for your main services, so people see a number before they call",,, before spring sign-ups start,lawn-prices,role,unverified,yes,no
info@gandglandscape.net,there,,,G & G Landscape Solutions,G & G Landscape Solutions,http://gandglandscape.net/,"Charlotte, NC",Charlotte,NC,lawn,landscaping,prices,"your site doesn't give even a starting price, so people who want a ballpark for mowing tend to move on to the next company",prices on your site,"starting prices for your main services, so people see a number before they call",,, before spring sign-ups start,lawn-prices,role,unverified,yes,no
info@prestigelandscapedesign.com,there,,,Prestige Landscape & Design,Prestige Landscape,https://www.prestigelandscapedesign.com/,"Dallas, TX",Dallas,TX,lawn,landscaping,prices,"your site doesn't give even a starting price, so people who want a ballpark for mowing tend to move on to the next company",prices on your site,"starting prices for your main services, so people see a number before they call",,, before spring sign-ups start,lawn-prices,role,unverified,yes,no
yardcleanupkc@gmail.com,there,,,Yard Clean Up KC,Yard Clean Up KC,http://yardcleanupkc.com/,"Kansas City, MO",Kansas City,MO,lawn,lawn care,prices,"your site doesn't give even a starting price, so people who want a ballpark for mowing tend to move on to the next company",prices on your site,"starting prices for your main services, so people see a number before they call",tap_to_call,While I was there I'd also add a tap-to-call button., before spring sign-ups start,lawn-prices,free,unverified,yes,no
askskip@yardsy.com,there,Askskip,,Yardsy,Yardsy,https://yardsy.com/,"Smyrna, GA",Smyrna,GA,lawn,lawn care,prices,"your site doesn't give even a starting price, so people who want a ballpark for mowing tend to move on to the next company",prices on your site,"starting prices for your main services, so people see a number before they call",,, before spring sign-ups start,lawn-prices,personal,unverified,yes,no
office@gardslawnmaintenance.com,there,,,Gard’s Lawn Maintenance,Gard’s Lawn Maintenance,https://gardslawnmaintenance.com/,"Liberty, MO",Liberty,MO,lawn,lawn care,prices,"your site doesn't give even a starting price, so people who want a ballpark for mowing tend to move on to the next company",prices on your site,"starting prices for your main services, so people see a number before they call",,, before spring sign-ups start,lawn-prices,role,unverified,yes,no
info@atllawncareservices.com,there,,,Atlanta Lawn Care Services,Atlanta Lawn Care Services,https://www.atllawncareservices.com/,"Atlanta, GA",Atlanta,GA,lawn,lawn care,prices,"your site doesn't give even a starting price, so people who want a ballpark for mowing tend to move on to the next company",prices on your site,"starting prices for your main services, so people see a number before they call",,, before spring sign-ups start,lawn-prices,role,unverified,yes,no
emersonblake7@gmail.com,there,,,Giant Landscape,Giant Landscape,http://giantlandscape.com/,"Oklahoma City, OK",Oklahoma City,OK,lawn,landscaping,prices,"your site doesn't give even a starting price, so people who want a ballpark for mowing tend to move on to the next company",prices on your site,"starting prices for your main services, so people see a number before they call",,, before spring sign-ups start,lawn-prices,free,unverified,yes,no
ramirez@ramirezlandscapingservice.com,there,,,Ramirez general landscaping,Ramirez general landscaping,http://ramirezlandscapingservice.com/,"Raleigh, NC",Raleigh,NC,lawn,landscaping,prices,"your site doesn't give even a starting price, so people who want a ballpark for mowing tend to move on to the next company",prices on your site,"starting prices for your main services, so people see a number before they call",,, before spring sign-ups start,lawn-prices,personal,unverified,yes,no
info@lawncapital.com,there,,,Lawn Capital,Lawn Capital,https://www.lawncapital.com/,"Decatur, GA",Decatur,GA,lawn,lawn care,prices,"your site doesn't give even a starting price, so people who want a ballpark for mowing tend to move on to the next company",prices on your site,"starting prices for your main services, so people see a number before they call",,, before spring sign-ups start,lawn-prices,role,unverified,yes,no
lnlawncareservices20@gmail.com,there,,,L & N lawncare services,L & N lawncare services,https://www.lnlawncareservices.com/,"Indianapolis, IN",Indianapolis,IN,lawn,lawn care,prices,"your site doesn't give even a starting price, so people who want a ballpark for mowing tend to move on to the next company",prices on your site,"starting prices for your main services, so people see a number before they call",,, before spring sign-ups start,lawn-prices,free,unverified,yes,no
a.m.lawnprosforney@gmail.com,there,,,A.M. Lawn Pros,A.M. Lawn Pros,http://amlawnprosllc.com/,"Forney, TX",Forney,TX,lawn,lawn care,prices,"your site doesn't give even a starting price, so people who want a ballpark for mowing tend to move on to the next company",prices on your site,"starting prices for your main services, so people see a number before they call",,, before spring sign-ups start,lawn-prices,free,unverified,yes,no
sales@doctorslawn.com,there,,,Doctor's Lawn and Landscape,Doctor's Lawn,https://doctorslawn.com/,"Stilwell, KS",Stilwell,KS,lawn,landscaping,prices,"your site doesn't give even a starting price, so people who want a ballpark for mowing tend to move on to the next company",prices on your site,"starting prices for your main services, so people see a number before they call",,, before spring sign-ups start,lawn-prices,role,unverified,yes,no
nashvillelawncaresolutions@gmail.com,there,,,Nashville Lawn Care Solutions,Nashville Lawn Care Solutions,http://nashvillelawncaresolutions.com/,"Nashville, TN",Nashville,TN,lawn,lawn care,prices,"your site doesn't give even a starting price, so people who want a ballpark for mowing tend to move on to the next company",prices on your site,"starting prices for your main services, so people see a number before they call",tap_to_call,While I was there I'd also add a tap-to-call button., before spring sign-ups start,lawn-prices,free,unverified,yes,no
trinitylawncarelouisville@gmail.com,there,,,Trinity Lawn Care,Trinity Lawn Care,https://trinitylawncarelouisville.weebly.com/,"Louisville, KY",Louisville,KY,lawn,lawn care,prices,"your site doesn't give even a starting price, so people who want a ballpark for mowing tend to move on to the next company",prices on your site,"starting prices for your main services, so people see a number before they call",,, before spring sign-ups start,lawn-prices,free,unverified,yes,no
marshall@bryanlawns.com,there,,,Bryan Lawn Care,Bryan Lawn Care,http://www.bryanlawns.com/,"Nashville, TN",Nashville,TN,lawn,lawn care,prices,"your site doesn't give even a starting price, so people who want a ballpark for mowing tend to move on to the next company",prices on your site,"starting prices for your main services, so people see a number before they call",,, before spring sign-ups start,lawn-prices,personal,unverified,yes,no
info@kellersflowers.com,there,,,Keller's Landscaping,Keller's Landscaping,http://www.kellersflowers.com/,"Kansas City, MO",Kansas City,MO,lawn,landscaping,prices,"your site doesn't give even a starting price, so people who want a ballpark for mowing tend to move on to the next company",prices on your site,"starting prices for your main services, so people see a number before they call",,, before spring sign-ups start,lawn-prices,role,unverified,yes,no
info@crimsonlandscape.com,there,,,Crimson Landscape,Crimson Landscape,https://www.crimsonlandscape.com/,"Wylie, TX",Wylie,TX,lawn,landscaping,prices,"your site doesn't give even a starting price, so people who want a ballpark for mowing tend to move on to the next company",prices on your site,"starting prices for your main services, so people see a number before they call",,, before spring sign-ups start,lawn-prices,role,unverified,yes,no
info@barefootlawnsla.com,there,,,Barefoot Lawns & Lights,Barefoot Lawns,https://www.barefootlawnsla.com/get-a-quote,"Shreveport, LA",Shreveport,LA,lawn,lawn care,prices,"your site doesn't give even a starting price, so people who want a ballpark for mowing tend to move on to the next company",prices on your site,"starting prices for your main services, so people see a number before they call",,, before spring sign-ups start,lawn-prices,role,unverified,yes,no
claypherigo@claysservices.com,there,,,Clay's Services,Clay's Services,https://claysservices.com/,"Lawton, OK",Lawton,OK,lawn,lawn care,prices,"your site doesn't give even a starting price, so people who want a ballpark for mowing tend to move on to the next company",prices on your site,"starting prices for your main services, so people see a number before they call",,, before spring sign-ups start,lawn-prices,personal,unverified,yes,no
americanwesternlawns@gmail.com,there,,,American Western Lawn and Landscape,American Western Lawn,https://www.awlawn.com/,"Edmond, OK",Edmond,OK,lawn,landscaping,prices,"your site doesn't give even a starting price, so people who want a ballpark for mowing tend to move on to the next company",prices on your site,"starting prices for your main services, so people see a number before they call",,, before spring sign-ups start,lawn-prices,free,unverified,yes,no
davis@infinitelandscaping.org,there,,,Infinite Landscaping,Infinite Landscaping,https://www.infinitelandscaping.org/,"Bossier City, LA",Bossier City,LA,lawn,landscaping,prices,"your site doesn't give even a starting price, so people who want a ballpark for mowing tend to move on to the next company",prices on your site,"starting prices for your main services, so people see a number before they call",,, before spring sign-ups start,lawn-prices,personal,unverified,yes,no
admin@getoutdoorinc.com,there,,,Outdoor-Inc,Outdoor-Inc,https://www.getoutdoorinc.com/,"Hixson, TN",Hixson,TN,lawn,lawn care,prices,"your site doesn't give even a starting price, so people who want a ballpark for mowing tend to move on to the next company",prices on your site,"starting prices for your main services, so people see a number before they call",,, before spring sign-ups start,lawn-prices,role,unverified,yes,no
katie@wayneslawnservice.com,Katie,Katie,,Wayne's Lawn Service,Wayne's Lawn Service,http://www.wayneslawnservice.com/,"Louisville, KY",Louisville,KY,lawn,lawn care,prices,"your site doesn't give even a starting price, so people who want a ballpark for mowing tend to move on to the next company",prices on your site,"starting prices for your main services, so people see a number before they call",,, before spring sign-ups start,lawn-prices,personal,unverified,yes,no
info@turfprosolutions.com,there,,,Turf Pro Outdoor Solutions,Turf Pro Outdoor Solutions,http://www.turfprosolutions.com/,"Louisville, KY",Louisville,KY,lawn,lawn care,prices,"your site doesn't give even a starting price, so people who want a ballpark for mowing tend to move on to the next company",prices on your site,"starting prices for your main services, so people see a number before they call",,, before spring sign-ups start,lawn-prices,role,unverified,yes,no
info@embassylandscape.com,there,,,Embassy Landscape Group,Embassy Landscape Group,http://www.embassylandscape.com/,"Riverside, MO",Riverside,MO,lawn,landscaping,prices,"your site doesn't give even a starting price, so people who want a ballpark for mowing tend to move on to the next company",prices on your site,"starting prices for your main services, so people see a number before they call",,, before spring sign-ups start,lawn-prices,role,unverified,yes,no
lemuslandscaping89@gmail.com,there,,,Lemus Landscaping,Lemus Landscaping,https://lemus-landscapingllc.com/,"Columbus, OH",Columbus,OH,lawn,landscaping,prices,"your site doesn't give even a starting price, so people who want a ballpark for mowing tend to move on to the next company",prices on your site,"starting prices for your main services, so people see a number before they call",,, before spring sign-ups start,lawn-prices,free,unverified,yes,no
info@essencelawncare.com,there,,,Essence Lawn Care,Essence Lawn Care,https://essencelawncare.com/,"Lenexa, KS",Lenexa,KS,lawn,lawn care,prices,"your site doesn't give even a starting price, so people who want a ballpark for mowing tend to move on to the next company",prices on your site,"starting prices for your main services, so people see a number before they call",,, before spring sign-ups start,lawn-prices,role,unverified,yes,no
ira@wadeslawnservice.com,Ira,Ira,,Wade's Lawn Service,Wade's Lawn Service,http://www.wadeslawnservice.com/,"Goodlettsville, TN",Goodlettsville,TN,lawn,lawn care,prices,"your site doesn't give even a starting price, so people who want a ballpark for mowing tend to move on to the next company",prices on your site,"starting prices for your main services, so people see a number before they call",,, before spring sign-ups start,lawn-prices,personal,unverified,yes,no
gonatural@naturalawn.com,there,Gonatural,,NaturaLawn of America,NaturaLawn of America,https://naturalawn.com/oklahoma-ok,"Edmond, OK",Edmond,OK,lawn,lawn care,prices,"your site doesn't give even a starting price, so people who want a ballpark for mowing tend to move on to the next company",prices on your site,"starting prices for your main services, so people see a number before they call",,, before spring sign-ups start,lawn-prices,personal,unverified,yes,no
earthstoneservices@gmail.com,there,,,Earth Stone Services,Earth Stone Services,https://www.earthstoneservices.com/,"Greensboro, NC",Greensboro,NC,lawn,lawn care,prices,"your site doesn't give even a starting price, so people who want a ballpark for mowing tend to move on to the next company",prices on your site,"starting prices for your main services, so people see a number before they call",,, before spring sign-ups start,lawn-prices,free,unverified,yes,no
vanvicklebros@gmail.com,there,,,Van Vickle Brothers Landscaping,Van Vickle Brothers Landscaping,http://vanvicklebroslandscaping.com/,"Irving, TX",Irving,TX,lawn,landscaping,prices,"your site doesn't give even a starting price, so people who want a ballpark for mowing tend to move on to the next company",prices on your site,"starting prices for your main services, so people see a number before they call",,, before spring sign-ups start,lawn-prices,free,unverified,yes,no
info@blountslawncaresolutions.com,there,,,Blount's Lawn Care Solutions,Blount's Lawn Care Solutions,https://blountslawncaresolutions.com/,"Atlanta, GA",Atlanta,GA,lawn,lawn care,prices,"your site doesn't give even a starting price, so people who want a ballpark for mowing tend to move on to the next company",prices on your site,"starting prices for your main services, so people see a number before they call",,, before spring sign-ups start,lawn-prices,role,unverified,yes,no
info@blendongardens.com,there,,,Blendon Gardens,Blendon Gardens,http://www.blendongardens.com/,"Lewis Center, OH",Lewis Center,OH,lawn,lawn care,prices,"your site doesn't give even a starting price, so people who want a ballpark for mowing tend to move on to the next company",prices on your site,"starting prices for your main services, so people see a number before they call",,, before spring sign-ups start,lawn-prices,role,unverified,yes,no
hello@hometownturfindy.com,there,,,Hometown Turf,Hometown Turf,https://www.hometownturfindy.com/,"Indianapolis, IN",Indianapolis,IN,lawn,lawn care,prices,"your site doesn't give even a starting price, so people who want a ballpark for mowing tend to move on to the next company",prices on your site,"starting prices for your main services, so people see a number before they call",,, before spring sign-ups start,lawn-prices,role,unverified,yes,no
dztopcutlandscaping@gmail.com,there,,,Top Cut Landscaping,Top Cut Landscaping,http://www.topcutlandscapinglawncare.com/,"Chattanooga, TN",Chattanooga,TN,lawn,landscaping,prices,"your site doesn't give even a starting price, so people who want a ballpark for mowing tend to move on to the next company",prices on your site,"starting prices for your main services, so people see a number before they call",,, before spring sign-ups start,lawn-prices,free,unverified,yes,no
goingtheextramilelandscaping@gmail.com,there,,,Going the Extra Mile Landscaping,Going the Extra Mile Landscaping,https://gtemlawnservice.com/,"Little Rock, AR",Little Rock,AR,lawn,landscaping,prices,"your site doesn't give even a starting price, so people who want a ballpark for mowing tend to move on to the next company",prices on your site,"starting prices for your main services, so people see a number before they call",,, before spring sign-ups start,lawn-prices,free,unverified,yes,no
micah@monolithlandscapedesign.com,Micah,Micah,,Monolith Landscape Design Chattanooga,Monolith Landscape Design Chattanooga,http://www.monolithlandscapedesign.com/,"Chattanooga, TN",Chattanooga,TN,lawn,landscaping,prices,"your site doesn't give even a starting price, so people who want a ballpark for mowing tend to move on to the next company",prices on your site,"starting prices for your main services, so people see a number before they call",,, before spring sign-ups start,lawn-prices,personal,unverified,yes,no
info@atlantalandscape.com,there,,,Atlanta Landscape Co.LLC,Atlanta Landscape Co.LLC,https://atlantalandscape.com/,"Atlanta, GA",Atlanta,GA,lawn,landscaping,prices,"your site doesn't give even a starting price, so people who want a ballpark for mowing tend to move on to the next company",prices on your site,"starting prices for your main services, so people see a number before they call",,, before spring sign-ups start,lawn-prices,role,unverified,yes,no
artisticlawncaretreesolutions@gmail.com,there,,,Artistic Lawn Care & Tree Solutions,Artistic Lawn Care,https://www.artisticlawnandtree.com/,"Harrison, TN",Harrison,TN,lawn,lawn care,prices,"your site doesn't give even a starting price, so people who want a ballpark for mowing tend to move on to the next company",prices on your site,"starting prices for your main services, so people see a number before they call",,, before spring sign-ups start,lawn-prices,free,unverified,yes,no
urban.land.con@gmail.com,there,,,Urban Lawn & Landscape,Urban Lawn,https://clthardscapingandlandscaping.com/,"Mint Hill, NC",Mint Hill,NC,lawn,landscaping,prices,"your site doesn't give even a starting price, so people who want a ballpark for mowing tend to move on to the next company",prices on your site,"starting prices for your main services, so people see a number before they call",,, before spring sign-ups start,lawn-prices,free,unverified,yes,no
info@pureturfllc.com,there,,,Pure Turf,Pure Turf,https://www.pureturfllc.com/,"Brentwood, TN",Brentwood,TN,lawn,lawn care,prices,"your site doesn't give even a starting price, so people who want a ballpark for mowing tend to move on to the next company",prices on your site,"starting prices for your main services, so people see a number before they call",,, before spring sign-ups start,lawn-prices,role,unverified,yes,no
georgeandroney@grasshopperlm.com,there,,,Grasshopper Landscape Management - Grasshopper Design,Grasshopper Landscape Management,http://www.grasshopperlm.com/,", ",,,lawn,landscaping,prices,"your site doesn't give even a starting price, so people who want a ballpark for mowing tend to move on to the next company",prices on your site,"starting prices for your main services, so people see a number before they call",,, before spring sign-ups start,lawn-prices,personal,unverified,yes,no
info@safarispray.com,there,,,Safari Lawn Care,Safari Lawn Care,https://safarispray.com/,"Memphis, TN",Memphis,TN,lawn,lawn care,prices,"your site doesn't give even a starting price, so people who want a ballpark for mowing tend to move on to the next company",prices on your site,"starting prices for your main services, so people see a number before they call",,, before spring sign-ups start,lawn-prices,role,unverified,yes,no
info@designedlandscapes.com,there,,,Designed Landscapes by HP Dutra,Designed Landscapes by HP Dutra,http://www.designedlandscapes.com/,"Decatur, GA",Decatur,GA,lawn,landscaping,prices,"your site doesn't give even a starting price, so people who want a ballpark for mowing tend to move on to the next company",prices on your site,"starting prices for your main services, so people see a number before they call",,, before spring sign-ups start,lawn-prices,role,unverified,yes,no
info@bigskylandscapes.com,there,,,Big Sky Landscapes,Big Sky Landscapes,https://www.bigskylandscapes.com/,"Chattanooga, TN",Chattanooga,TN,lawn,landscaping,prices,"your site doesn't give even a starting price, so people who want a ballpark for mowing tend to move on to the next company",prices on your site,"starting prices for your main services, so people see a number before they call",,, before spring sign-ups start,lawn-prices,role,unverified,yes,no
info@cuttingedgehardscapes.com,there,,,Cutting Edge Hardscapes,Cutting Edge Hardscapes,https://www.cuttingedgehardscapes.com/,"Castleton, IN",Castleton,IN,lawn,lawn care,prices,"your site doesn't give even a starting price, so people who want a ballpark for mowing tend to move on to the next company",prices on your site,"starting prices for your main services, so people see a number before they call",,, before spring sign-ups start,lawn-prices,role,unverified,yes,no
bblawnservice14@gmail.com,there,,,Baker Brothers Lawn Care,Baker Brothers Lawn Care,https://bakerbrotherslawncare.com/,"Tyler, TX",Tyler,TX,lawn,lawn care,prices,"your site doesn't give even a starting price, so people who want a ballpark for mowing tend to move on to the next company",prices on your site,"starting prices for your main services, so people see a number before they call",tap_to_call,While I was there I'd also add a tap-to-call button., before spring sign-ups start,lawn-prices,free,unverified,yes,no
info@grazzmasters.com,there,,,Grazz Masters,Grazz Masters,http://www.grazzmasters.com/,"Memphis, TN",Memphis,TN,lawn,lawn care,prices,"your site doesn't give even a starting price, so people who want a ballpark for mowing tend to move on to the next company",prices on your site,"starting prices for your main services, so people see a number before they call",,, before spring sign-ups start,lawn-prices,role,unverified,yes,no
sales@yourlandscapesolutions.com,there,,,Landscape Solutions,Landscape Solutions,https://yourlandscapesolutions.com/,"Cary, NC",Cary,NC,lawn,landscaping,prices,"your site doesn't give even a starting price, so people who want a ballpark for mowing tend to move on to the next company",prices on your site,"starting prices for your main services, so people see a number before they call",,, before spring sign-ups start,lawn-prices,role,unverified,yes,no
info@oxserv.com,there,,,OX services,OX services,http://oxserv.com/,"Shreveport, LA",Shreveport,LA,lawn,lawn care,prices,"your site doesn't give even a starting price, so people who want a ballpark for mowing tend to move on to the next company",prices on your site,"starting prices for your main services, so people see a number before they call",,, before spring sign-ups start,lawn-prices,role,unverified,yes,no
john@traditionslandscape.com,John,John,,Traditions Landscape Group,Traditions Landscape Group,https://traditionslandscape.com/,"Westerville, OH",Westerville,OH,lawn,landscaping,prices,"your site doesn't give even a starting price, so people who want a ballpark for mowing tend to move on to the next company",prices on your site,"starting prices for your main services, so people see a number before they call",,, before spring sign-ups start,lawn-prices,personal,unverified,yes,no
lawns@outdoormakeovers.com,there,,,Outdoor Makeovers,Outdoor Makeovers,http://outdoormakeovers.com/,"Worthington, OH",Worthington,OH,lawn,lawn care,prices,"your site doesn't give even a starting price, so people who want a ballpark for mowing tend to move on to the next company",prices on your site,"starting prices for your main services, so people see a number before they call",,, before spring sign-ups start,lawn-prices,personal,unverified,yes,no
benreinbold@outlook.com,there,,,Ben’s Diamond Lawn Care,Ben’s Diamond Lawn Care,https://bensdiamondlawncare.jobbersites.com/,"Crestwood, KY",Crestwood,KY,lawn,lawn care,prices,"your site doesn't give even a starting price, so people who want a ballpark for mowing tend to move on to the next company",prices on your site,"starting prices for your main services, so people see a number before they call",,, before spring sign-ups start,lawn-prices,free,unverified,yes,no
info@wemakedirtlookgood.com,there,,,Southern Outdoor Living,Southern Outdoor Living,https://www.wemakedirtlookgood.com/,"Summerfield, NC",Summerfield,NC,lawn,lawn care,prices,"your site doesn't give even a starting price, so people who want a ballpark for mowing tend to move on to the next company",prices on your site,"starting prices for your main services, so people see a number before they call",,, before spring sign-ups start,lawn-prices,role,unverified,yes,no
jeanne@newbeginninglandscape.com,Jeanne,Jeanne,,New Beginning Landscape & Remodel,New Beginning Landscape,https://newbeginninglandscape.com/,"Atlanta, GA",Atlanta,GA,lawn,landscaping,prices,"your site doesn't give even a starting price, so people who want a ballpark for mowing tend to move on to the next company",prices on your site,"starting prices for your main services, so people see a number before they call",tap_to_call,While I was there I'd also add a tap-to-call button., before spring sign-ups start,lawn-prices,personal,unverified,yes,no
3sunsofcolumbus@gmail.com,there,,,3 Suns of Columbus,3 Suns of Columbus,http://www.3sunsofcolumbus.com/,"Hilliard, OH",Hilliard,OH,lawn,lawn care,prices,"your site doesn't give even a starting price, so people who want a ballpark for mowing tend to move on to the next company",prices on your site,"starting prices for your main services, so people see a number before they call",,, before spring sign-ups start,lawn-prices,free,unverified,yes,no
daniel@greencreeklandscape.com,Daniel,Daniel,,Green Creek Landscape & Irrigation,Green Creek Landscape,https://www.greencreeklandscape.com/,"Memphis, TN",Memphis,TN,lawn,landscaping,prices,"your site doesn't give even a starting price, so people who want a ballpark for mowing tend to move on to the next company",prices on your site,"starting prices for your main services, so people see a number before they call",,, before spring sign-ups start,lawn-prices,personal,unverified,yes,no
hello@hermeslandscaping.com,there,,,Hermes Landscaping,Hermes Landscaping,https://www.hermeslandscaping.com/,"Lenexa, KS",Lenexa,KS,lawn,landscaping,prices,"your site doesn't give even a starting price, so people who want a ballpark for mowing tend to move on to the next company",prices on your site,"starting prices for your main services, so people see a number before they call",,, before spring sign-ups start,lawn-prices,role,unverified,yes,no
info@platinumlawnsok.com,there,,,Platinum Lawns,Platinum Lawns,https://platinumlawnsok.com/,"Tuttle, OK",Tuttle,OK,lawn,lawn care,prices,"your site doesn't give even a starting price, so people who want a ballpark for mowing tend to move on to the next company",prices on your site,"starting prices for your main services, so people see a number before they call",,, before spring sign-ups start,lawn-prices,role,unverified,yes,no
office@turfdefendersok.com,there,,,Turf Defenders Weed Control and Pest Control,Turf Defenders Weed Control,http://turfdefendersok.com/,"Jones, OK",Jones,OK,lawn,lawn care,prices,"your site doesn't give even a starting price, so people who want a ballpark for mowing tend to move on to the next company",prices on your site,"starting prices for your main services, so people see a number before they call",tap_to_call,While I was there I'd also add a tap-to-call button., before spring sign-ups start,lawn-prices,role,unverified,yes,no
eastviewlawns1@gmail.com,there,,,Eastview Landscaping,Eastview Landscaping,https://eastviewlandscapingal.com/,"Huntsville, AL",Huntsville,AL,lawn,landscaping,prices,"your site doesn't give even a starting price, so people who want a ballpark for mowing tend to move on to the next company",prices on your site,"starting prices for your main services, so people see a number before they call",,, before spring sign-ups start,lawn-prices,free,unverified,yes,no
inquiry@yardsolutions.com,there,Inquiry,,Yard Solutions,Yard Solutions,http://yardsolutions.com/,"Groveport, OH",Groveport,OH,lawn,lawn care,prices,"your site doesn't give even a starting price, so people who want a ballpark for mowing tend to move on to the next company",prices on your site,"starting prices for your main services, so people see a number before they call",,, before spring sign-ups start,lawn-prices,personal,unverified,yes,no
support@ohiolandscapeconstruction.com,there,,,E & L Lawn Care,E & L Lawn Care,https://ohiolandscapeconstruction.com/spring-lp/,"Columbus, OH",Columbus,OH,lawn,lawn care,prices,"your site doesn't give even a starting price, so people who want a ballpark for mowing tend to move on to the next company",prices on your site,"starting prices for your main services, so people see a number before they call",,, before spring sign-ups start,lawn-prices,role,unverified,yes,no
bermudaescapes@outlook.com,there,,,Bermuda Escapes,Bermuda Escapes,https://www.bermudaescapeslawncare.com/,"Oklahoma City, OK",Oklahoma City,OK,lawn,lawn care,prices,"your site doesn't give even a starting price, so people who want a ballpark for mowing tend to move on to the next company",prices on your site,"starting prices for your main services, so people see a number before they call",,, before spring sign-ups start,lawn-prices,free,unverified,yes,no
mike@eaglelawnandpest.com,Mike,Mike,,Eagle Lawn Service & Pest Control,Eagle Lawn Service,http://www.eaglelawnandpest.com/,"Louisville, KY",Louisville,KY,lawn,lawn care,prices,"your site doesn't give even a starting price, so people who want a ballpark for mowing tend to move on to the next company",prices on your site,"starting prices for your main services, so people see a number before they call",,, before spring sign-ups start,lawn-prices,personal,unverified,yes,no
bryto91@platinumnaturelawncare.com,there,,,Platinum Nature LawnCare & Landscaping,Platinum Nature LawnCare,https://www.platinumnaturelawncare.com/,"Indianapolis, IN",Indianapolis,IN,lawn,landscaping,prices,"your site doesn't give even a starting price, so people who want a ballpark for mowing tend to move on to the next company",prices on your site,"starting prices for your main services, so people see a number before they call",,, before spring sign-ups start,lawn-prices,personal,unverified,yes,no
inquire@pontilandscapes.com,there,Inquire,,Ponti Landscapes,Ponti Landscapes,http://pontilandscapes.com/,"Cary, NC",Cary,NC,lawn,landscaping,prices,"your site doesn't give even a starting price, so people who want a ballpark for mowing tend to move on to the next company",prices on your site,"starting prices for your main services, so people see a number before they call",,, before spring sign-ups start,lawn-prices,personal,unverified,yes,no
twomenandamower2@yahoo.com,there,,,Two Men and A Mower,Two Men,https://www.twomenandamower2.com/,"Bowling Green, KY",Bowling Green,KY,lawn,lawn care,prices,"your site doesn't give even a starting price, so people who want a ballpark for mowing tend to move on to the next company",prices on your site,"starting prices for your main services, so people see a number before they call",,, before spring sign-ups start,lawn-prices,free,unverified,yes,no
info@glsmaintenancenow.com,there,,,GLS Landscaping & Maintenance,GLS Landscaping,http://www.glsmaintenancenow.com/,"Oak Ridge, NC",Oak Ridge,NC,lawn,landscaping,prices,"your site doesn't give even a starting price, so people who want a ballpark for mowing tend to move on to the next company",prices on your site,"starting prices for your main services, so people see a number before they call",,, before spring sign-ups start,lawn-prices,role,unverified,yes,no
info@jaguarlandscape.com,there,,,Jaguar Landscape & Contracting,Jaguar Landscape,https://www.jaguarlandscape.com/,"Plano, TX",Plano,TX,lawn,landscaping,prices,"your site doesn't give even a starting price, so people who want a ballpark for mowing tend to move on to the next company",prices on your site,"starting prices for your main services, so people see a number before they call",,, before spring sign-ups start,lawn-prices,role,unverified,yes,no
info@qualitygreengrass.com,there,,,Quality Green Grass - Lawn & Landscape Services,Quality Green Grass,https://www.qualitygreengrass.com/,"Indian Trail, NC",Indian Trail,NC,lawn,landscaping,prices,"your site doesn't give even a starting price, so people who want a ballpark for mowing tend to move on to the next company",prices on your site,"starting prices for your main services, so people see a number before they call",,, before spring sign-ups start,lawn-prices,role,unverified,yes,no
rlyons.lyonslawncare@gmail.com,there,,,Lyons Lawncare,Lyons Lawncare,http://lyonslawncare.llc/,"New Market, AL",New Market,AL,lawn,lawn care,prices,"your site doesn't give even a starting price, so people who want a ballpark for mowing tend to move on to the next company",prices on your site,"starting prices for your main services, so people see a number before they call",,, before spring sign-ups start,lawn-prices,free,unverified,yes,no
rentals@kuttingkc.com,there,,,Kutting Edge LC,Kutting Edge LC,https://kuttingkc.com/,"Belton, MO",Belton,MO,lawn,lawn care,prices,"your site doesn't give even a starting price, so people who want a ballpark for mowing tend to move on to the next company",prices on your site,"starting prices for your main services, so people see a number before they call",,, before spring sign-ups start,lawn-prices,personal,unverified,yes,no
hurstlandscapesprojects@gmail.com,there,,,Hurst Landscapes,Hurst Landscapes,https://hurstlandscapesinc.jobbersites.com/,"Raleigh, NC",Raleigh,NC,lawn,landscaping,prices,"your site doesn't give even a starting price, so people who want a ballpark for mowing tend to move on to the next company",prices on your site,"starting prices for your main services, so people see a number before they call",,, before spring sign-ups start,lawn-prices,free,unverified,yes,no
bigvisionslandscaping@gmail.com,there,,,Big Visions Landscaping,Big Visions Landscaping,https://bigvisionslandscaping.com/,"Charlotte, NC",Charlotte,NC,lawn,landscaping,prices,"your site doesn't give even a starting price, so people who want a ballpark for mowing tend to move on to the next company",prices on your site,"starting prices for your main services, so people see a number before they call",,, before spring sign-ups start,lawn-prices,free,unverified,yes,no
info@evergreen405.com,there,,,Evergreen Landscaping,Evergreen Landscaping,https://www.evergreen405.com/,"Arcadia, OK",Arcadia,OK,lawn,landscaping,prices,"your site doesn't give even a starting price, so people who want a ballpark for mowing tend to move on to the next company",prices on your site,"starting prices for your main services, so people see a number before they call",,, before spring sign-ups start,lawn-prices,role,unverified,yes,no
office@mygreenyard.com,there,,,Premier Turf Management,Premier Turf Management,http://www.mygreenyard.com/,"Murfreesboro, TN",Murfreesboro,TN,lawn,lawn care,prices,"your site doesn't give even a starting price, so people who want a ballpark for mowing tend to move on to the next company",prices on your site,"starting prices for your main services, so people see a number before they call",,, before spring sign-ups start,lawn-prices,role,unverified,yes,no
suzanne@ambiancegardendesign.com,there,Suzanne,,Ambiance,Ambiance,http://www.ambiancegardendesign.com/,"Charlotte, NC",Charlotte,NC,lawn,lawn care,prices,"your site doesn't give even a starting price, so people who want a ballpark for mowing tend to move on to the next company",prices on your site,"starting prices for your main services, so people see a number before they call",tap_to_call,While I was there I'd also add a tap-to-call button., before spring sign-ups start,lawn-prices,personal,unverified,yes,no
info@advancedlawnsolutions.com,there,,,Advanced Lawn Solutions,Advanced Lawn Solutions,http://www.advancedlawnsolutions.com/,"Murfreesboro, TN",Murfreesboro,TN,lawn,lawn care,prices,"your site doesn't give even a starting price, so people who want a ballpark for mowing tend to move on to the next company",prices on your site,"starting prices for your main services, so people see a number before they call",,, before spring sign-ups start,lawn-prices,role,unverified,yes,no
ramoutdoorsllc@gmail.com,there,,,Ram Outdoors,Ram Outdoors,http://ramoutdoorsllc.com/,"Columbus, OH",Columbus,OH,lawn,lawn care,prices,"your site doesn't give even a starting price, so people who want a ballpark for mowing tend to move on to the next company",prices on your site,"starting prices for your main services, so people see a number before they call",tap_to_call,While I was there I'd also add a tap-to-call button., before spring sign-ups start,lawn-prices,free,unverified,yes,no
hello@hooglands.com,there,,,Hoogland's Landscape,Hoogland's Landscape,https://hooglands.com/,"Bossier City, LA",Bossier City,LA,lawn,landscaping,prices,"your site doesn't give even a starting price, so people who want a ballpark for mowing tend to move on to the next company",prices on your site,"starting prices for your main services, so people see a number before they call",,, before spring sign-ups start,lawn-prices,role,unverified,yes,no
roblerolawncare@gmail.com,there,,,Roblero Lawn,Roblero Lawn,https://roblerolawn.com/,"Montgomery, AL",Montgomery,AL,lawn,lawn care,prices,"your site doesn't give even a starting price, so people who want a ballpark for mowing tend to move on to the next company",prices on your site,"starting prices for your main services, so people see a number before they call",,, before spring sign-ups start,lawn-prices,free,unverified,yes,no
info@wildridgelandscape.com,there,,,Wild Ridge Lawn & Landscape,Wild Ridge Lawn,http://www.wildridgelandscape.com/,"Indianapolis, IN",Indianapolis,IN,lawn,landscaping,prices,"your site doesn't give even a starting price, so people who want a ballpark for mowing tend to move on to the next company",prices on your site,"starting prices for your main services, so people see a number before they call",,, before spring sign-ups start,lawn-prices,role,unverified,yes,no
turftribelandscapes@gmail.com,there,,,Turf Tribe Landscapes,Turf Tribe Landscapes,https://turftribelandscapes.com/,"Pegram, TN",Pegram,TN,lawn,landscaping,prices,"your site doesn't give even a starting price, so people who want a ballpark for mowing tend to move on to the next company",prices on your site,"starting prices for your main services, so people see a number before they call",,, before spring sign-ups start,lawn-prices,free,unverified,yes,no
sunshinesgardendesign@gmail.com,there,,,Sunshine's Garden Design,Sunshine's Garden Design,http://sunshinesgardendesign.com/,"Oklahoma City, OK",Oklahoma City,OK,lawn,lawn care,prices,"your site doesn't give even a starting price, so people who want a ballpark for mowing tend to move on to the next company",prices on your site,"starting prices for your main services, so people see a number before they call",,, before spring sign-ups start,lawn-prices,free,unverified,yes,no
bearslandscapeanddesign@gmail.com,there,,,Bears Landscaping Columbus,Bears Landscaping Columbus,https://bearslandscapeanddesigncolumbus.com/,"Columbus, OH",Columbus,OH,lawn,landscaping,prices,"your site doesn't give even a starting price, so people who want a ballpark for mowing tend to move on to the next company",prices on your site,"starting prices for your main services, so people see a number before they call",,, before spring sign-ups start,lawn-prices,free,unverified,yes,no
jcullinan@peabodylandscape.com,there,Jcullinan,,Peabody Landscape Group,Peabody Landscape Group,https://www.peabodylandscape.com/,"Columbus, OH",Columbus,OH,lawn,landscaping,prices,"your site doesn't give even a starting price, so people who want a ballpark for mowing tend to move on to the next company",prices on your site,"starting prices for your main services, so people see a number before they call",,, before spring sign-ups start,lawn-prices,personal,unverified,yes,no
alex@brooklawnservices.com,there,Alex,,Brooklawn Services,Brooklawn Services,https://brooklawnservices.com/,"Indianapolis, IN",Indianapolis,IN,lawn,lawn care,prices,"your site doesn't give even a starting price, so people who want a ballpark for mowing tend to move on to the next company",prices on your site,"starting prices for your main services, so people see a number before they call",,, before spring sign-ups start,lawn-prices,personal,unverified,yes,no
kevin@newsouthlandscaping.com,Kevin,Kevin,,New South Landscaping,New South Landscaping,http://www.newsouthlandscaping.com/,"Wake Forest, NC",Wake Forest,NC,lawn,landscaping,prices,"your site doesn't give even a starting price, so people who want a ballpark for mowing tend to move on to the next company",prices on your site,"starting prices for your main services, so people see a number before they call",,, before spring sign-ups start,lawn-prices,personal,unverified,yes,no
sales@northdallaslandscapes.com,there,,,North Dallas Landscapes,North Dallas Landscapes,https://northdallaslandscapes.com/contact-us/,"Dallas, TX",Dallas,TX,lawn,landscaping,prices,"your site doesn't give even a starting price, so people who want a ballpark for mowing tend to move on to the next company",prices on your site,"starting prices for your main services, so people see a number before they call",,, before spring sign-ups start,lawn-prices,role,unverified,yes,no
info@bdlandscaping.com,there,,,Black Diamond Landscaping,Black Diamond Landscaping,http://www.bdlandscaping.com/,"Mesquite, TX",Mesquite,TX,lawn,landscaping,prices,"your site doesn't give even a starting price, so people who want a ballpark for mowing tend to move on to the next company",prices on your site,"starting prices for your main services, so people see a number before they call",tap_to_call,While I was there I'd also add a tap-to-call button., before spring sign-ups start,lawn-prices,role,unverified,yes,no
moesmowslawncare@gmail.com,there,,,Moes Mows Lawn Care,Moes Mows Lawn Care,https://moesmows.com/,"Overland Park, KS",Overland Park,KS,lawn,lawn care,prices,"your site doesn't give even a starting price, so people who want a ballpark for mowing tend to move on to the next company",prices on your site,"starting prices for your main services, so people see a number before they call",,, before spring sign-ups start,lawn-prices,free,unverified,yes,no
info@stewartlawncare.com,there,,,Stewart Lawncare and Landscape,Stewart Lawncare,https://stewartlawncare.com/,"Wylie, TX",Wylie,TX,lawn,landscaping,prices,"your site doesn't give even a starting price, so people who want a ballpark for mowing tend to move on to the next company",prices on your site,"starting prices for your main services, so people see a number before they call",,, before spring sign-ups start,lawn-prices,role,unverified,yes,no
kyle@envisionlandscapingllc.com,Kyle,Kyle,,Envision Landscaping,Envision Landscaping,https://envisionlandscapingllc.com/,"Raleigh, NC",Raleigh,NC,lawn,landscaping,prices,"your site doesn't give even a starting price, so people who want a ballpark for mowing tend to move on to the next company",prices on your site,"starting prices for your main services, so people see a number before they call",,, before spring sign-ups start,lawn-prices,personal,unverified,yes,no
design@currinoutdoor.com,there,,,Currin Outdoor Living,Currin Outdoor Living,http://currinoutdoor.com/,"Raleigh, NC",Raleigh,NC,lawn,lawn care,prices,"your site doesn't give even a starting price, so people who want a ballpark for mowing tend to move on to the next company",prices on your site,"starting prices for your main services, so people see a number before they call",,, before spring sign-ups start,lawn-prices,personal,unverified,yes,no
perspectivelandscapesolutions@gmail.com,there,,,Perspective Landscape Solutions,Perspective Landscape Solutions,http://www.perspectivelandscapesolutions.com/,"Raleigh, NC",Raleigh,NC,lawn,landscaping,prices,"your site doesn't give even a starting price, so people who want a ballpark for mowing tend to move on to the next company",prices on your site,"starting prices for your main services, so people see a number before they call",,, before spring sign-ups start,lawn-prices,free,unverified,yes,no
jandtlandscaping22@gmail.com,there,,,J and T Landscaping company,J and T Landscaping company,https://jandtlandscaping.net/,"Bowling Green, KY",Bowling Green,KY,lawn,landscaping,prices,"your site doesn't give even a starting price, so people who want a ballpark for mowing tend to move on to the next company",prices on your site,"starting prices for your main services, so people see a number before they call",,, before spring sign-ups start,lawn-prices,free,unverified,yes,no
info@diamondlawnservices.com,there,,,Diamond Lawn Services,Diamond Lawn Services,http://diamondlawnservices.com/,"Brentwood, TN",Brentwood,TN,lawn,lawn care,prices,"your site doesn't give even a starting price, so people who want a ballpark for mowing tend to move on to the next company",prices on your site,"starting prices for your main services, so people see a number before they call",,, before spring sign-ups start,lawn-prices,role,unverified,yes,no
office@mmdlandscape.com,there,,,Me and My Diddy Landscape,Me and My Diddy Landscape,https://mmdlandscape.com/,"Indianapolis, IN",Indianapolis,IN,lawn,landscaping,prices,"your site doesn't give even a starting price, so people who want a ballpark for mowing tend to move on to the next company",prices on your site,"starting prices for your main services, so people see a number before they call",,, before spring sign-ups start,lawn-prices,role,unverified,yes,no
sweatyslawn@gmail.com,there,,,Sweaty's Lawn Care,Sweaty's Lawn Care,https://sweatyslawncare.com/,"Chattanooga, TN",Chattanooga,TN,lawn,lawn care,prices,"your site doesn't give even a starting price, so people who want a ballpark for mowing tend to move on to the next company",prices on your site,"starting prices for your main services, so people see a number before they call",,, before spring sign-ups start,lawn-prices,free,unverified,yes,no
grassmonkeystn@gmail.com,there,,,Grass Monkeys,Grass Monkeys,https://www.grassmonkeystn.com/,"Chattanooga, TN",Chattanooga,TN,lawn,lawn care,prices,"your site doesn't give even a starting price, so people who want a ballpark for mowing tend to move on to the next company",prices on your site,"starting prices for your main services, so people see a number before they call",,, before spring sign-ups start,lawn-prices,free,unverified,yes,no
emflawncare@gmail.com,there,,,EMF Lawn Care,EMF Lawn Care,http://emflawncare.com/,"Indianapolis, IN",Indianapolis,IN,lawn,lawn care,prices,"your site doesn't give even a starting price, so people who want a ballpark for mowing tend to move on to the next company",prices on your site,"starting prices for your main services, so people see a number before they call",,, before spring sign-ups start,lawn-prices,free,unverified,yes,no
luis@leafsnc.com,Luis,Luis,,Green Leafs NC,Green Leafs NC,http://www.leafsnc.com/,"Raleigh, NC",Raleigh,NC,lawn,lawn care,prices,"your site doesn't give even a starting price, so people who want a ballpark for mowing tend to move on to the next company",prices on your site,"starting prices for your main services, so people see a number before they call",tap_to_call,While I was there I'd also add a tap-to-call button., before spring sign-ups start,lawn-prices,personal,unverified,yes,no
support@olivoslandscapingtx.com,there,,,Olivos Landscaping residential and commercial,Olivos Landscaping residential,https://olivoslandscapingtx.com/,"Forney, TX",Forney,TX,lawn,landscaping,prices,"your site doesn't give even a starting price, so people who want a ballpark for mowing tend to move on to the next company",prices on your site,"starting prices for your main services, so people see a number before they call",,, before spring sign-ups start,lawn-prices,role,unverified,yes,no
larsonslawnandlandscape@gmail.com,there,,,Larson's Lawn & Landscape,Larson's Lawn,http://larsonslawnandlandscape.com/,"Mustang, OK",Mustang,OK,lawn,landscaping,prices,"your site doesn't give even a starting price, so people who want a ballpark for mowing tend to move on to the next company",prices on your site,"starting prices for your main services, so people see a number before they call",,, before spring sign-ups start,lawn-prices,free,unverified,yes,no
info@steeleblades.com,there,,,Steele Blades,Steele Blades,https://www.steeleblades.com/,"Louisville, KY",Louisville,KY,lawn,lawn care,prices,"your site doesn't give even a starting price, so people who want a ballpark for mowing tend to move on to the next company",prices on your site,"starting prices for your main services, so people see a number before they call",,, before spring sign-ups start,lawn-prices,role,unverified,yes,no
bradley@bluemtnle.com,Bradley,Bradley,,Blue Mountain Landscape and Excavation,Blue Mountain Landscape,http://bluemtnle.com/,"Chattanooga, TN",Chattanooga,TN,lawn,landscaping,prices,"your site doesn't give even a starting price, so people who want a ballpark for mowing tend to move on to the next company",prices on your site,"starting prices for your main services, so people see a number before they call",,, before spring sign-ups start,lawn-prices,personal,unverified,yes,no
dagracalandscapingservices@gmail.com,there,,,DaGraca Landscaping Services,DaGraca Landscaping Services,http://dagracalandscapingservices.com/,"Atlanta, GA",Atlanta,GA,lawn,landscaping,prices,"your site doesn't give even a starting price, so people who want a ballpark for mowing tend to move on to the next company",prices on your site,"starting prices for your main services, so people see a number before they call",,, before spring sign-ups start,lawn-prices,free,unverified,yes,no
service@shauntylawn.com,there,,,Shaunty's Lawn & Landscape,Shaunty's Lawn,https://www.shauntylawn.com/,"Olathe, KS",Olathe,KS,lawn,landscaping,prices,"your site doesn't give even a starting price, so people who want a ballpark for mowing tend to move on to the next company",prices on your site,"starting prices for your main services, so people see a number before they call",,, before spring sign-ups start,lawn-prices,role,unverified,yes,no
info@lawnspark.com,there,,,LawnSpark,LawnSpark,https://lawnspark.com/,"Oklahoma City, OK",Oklahoma City,OK,lawn,lawn care,prices,"your site doesn't give even a starting price, so people who want a ballpark for mowing tend to move on to the next company",prices on your site,"starting prices for your main services, so people see a number before they call",,, before spring sign-ups start,lawn-prices,role,unverified,yes,no
info@hunterlawnservices.com,there,,,Hunter Lawn Landscape & Holiday Lighting,Hunter Lawn Landscape,http://www.hunterlawnservices.com/,"Edmond, OK",Edmond,OK,lawn,landscaping,prices,"your site doesn't give even a starting price, so people who want a ballpark for mowing tend to move on to the next company",prices on your site,"starting prices for your main services, so people see a number before they call",,, before spring sign-ups start,lawn-prices,role,unverified,yes,no
ricky@completelandscapetx.com,there,Ricky,,Complete Landscape & Design,Complete Landscape,https://www.completelandscapetx.com/,"Dallas, TX",Dallas,TX,lawn,landscaping,prices,"your site doesn't give even a starting price, so people who want a ballpark for mowing tend to move on to the next company",prices on your site,"starting prices for your main services, so people see a number before they call",,, before spring sign-ups start,lawn-prices,personal,unverified,yes,no
richey4810@yahoo.com,there,,,Nature’s Creations Lawn & Landscaping,Nature’s Creations Lawn,http://naturescreationslawnlandscape.com/,"Indianapolis, IN",Indianapolis,IN,lawn,landscaping,prices,"your site doesn't give even a starting price, so people who want a ballpark for mowing tend to move on to the next company",prices on your site,"starting prices for your main services, so people see a number before they call",,, before spring sign-ups start,lawn-prices,free,unverified,yes,no
bids@drewslawn.com,there,Bids,,Drew’s,Drew’s,http://www.drewslawn.com/,"Nashville, TN",Nashville,TN,lawn,lawn care,prices,"your site doesn't give even a starting price, so people who want a ballpark for mowing tend to move on to the next company",prices on your site,"starting prices for your main services, so people see a number before they call",,, before spring sign-ups start,lawn-prices,personal,unverified,yes,no
pariseservices@gmail.com,there,,,Parise Lawncare,Parise Lawncare,https://pariseservices.com/,"Wake Forest, NC",Wake Forest,NC,lawn,lawn care,prices,"your site doesn't give even a starting price, so people who want a ballpark for mowing tend to move on to the next company",prices on your site,"starting prices for your main services, so people see a number before they call",,, before spring sign-ups start,lawn-prices,free,unverified,yes,no
office@midtownlawns.com,there,,,Midtown Lawn Care,Midtown Lawn Care,http://www.midtownlawns.com/,"Chattanooga, TN",Chattanooga,TN,lawn,lawn care,prices,"your site doesn't give even a starting price, so people who want a ballpark for mowing tend to move on to the next company",prices on your site,"starting prices for your main services, so people see a number before they call",,, before spring sign-ups start,lawn-prices,role,unverified,yes,no
office@tonyandsonslandscaping.com,there,,,Tony and Son’s,Tony and Son’s,http://www.tonyandsonslandscaping.com/,"Murfreesboro, TN",Murfreesboro,TN,lawn,lawn care,prices,"your site doesn't give even a starting price, so people who want a ballpark for mowing tend to move on to the next company",prices on your site,"starting prices for your main services, so people see a number before they call",tap_to_call,While I was there I'd also add a tap-to-call button., before spring sign-ups start,lawn-prices,role,unverified,yes,no
landscapeconcepts@me.com,there,,,Original Landscape Concepts,Original Landscape Concepts,https://originallandscapeconcepts.com/,"Dallas, TX",Dallas,TX,lawn,landscaping,prices,"your site doesn't give even a starting price, so people who want a ballpark for mowing tend to move on to the next company",prices on your site,"starting prices for your main services, so people see a number before they call",,, before spring sign-ups start,lawn-prices,free,unverified,yes,no
lucas@groundedcolumbus.com,Lucas,Lucas,,Grounded Landscaping,Grounded Landscaping,https://www.groundedcolumbus.com/,"Gahanna, OH",Gahanna,OH,lawn,landscaping,prices,"your site doesn't give even a starting price, so people who want a ballpark for mowing tend to move on to the next company",prices on your site,"starting prices for your main services, so people see a number before they call",,, before spring sign-ups start,lawn-prices,personal,unverified,yes,no
munozlandscapingllc17@gmail.com,there,,,Munoz Services,Munoz Services,https://landscapingandlawncarenc.com/,"Raleigh, NC",Raleigh,NC,lawn,lawn care,prices,"your site doesn't give even a starting price, so people who want a ballpark for mowing tend to move on to the next company",prices on your site,"starting prices for your main services, so people see a number before they call",,, before spring sign-ups start,lawn-prices,free,unverified,yes,no
totallydonelawncare@gmail.com,there,,,Totally Done Lawn & lights,Totally Done Lawn,https://www.totallydonelawncare.com/,"Oklahoma City, OK",Oklahoma City,OK,lawn,lawn care,prices,"your site doesn't give even a starting price, so people who want a ballpark for mowing tend to move on to the next company",prices on your site,"starting prices for your main services, so people see a number before they call",,, before spring sign-ups start,lawn-prices,free,unverified,yes,no
request@cleargreenlawncare.com,there,Request,,ClearGreen Lawn & Landscaping,ClearGreen Lawn,http://cleargreenlawncare.com/,"Louisville, KY",Louisville,KY,lawn,landscaping,prices,"your site doesn't give even a starting price, so people who want a ballpark for mowing tend to move on to the next company",prices on your site,"starting prices for your main services, so people see a number before they call",,, before spring sign-ups start,lawn-prices,personal,unverified,yes,no
info@destinedlandscapes.com,there,,,Destined,Destined,https://destinedlandscapes.com/,"Brentwood, TN",Brentwood,TN,lawn,lawn care,prices,"your site doesn't give even a starting price, so people who want a ballpark for mowing tend to move on to the next company",prices on your site,"starting prices for your main services, so people see a number before they call",,, before spring sign-ups start,lawn-prices,role,unverified,yes,no
info@landvisiondesigns.com,there,,,Landvision Designs,Landvision Designs,https://www.landvisiondesigns.com/,"Raleigh, NC",Raleigh,NC,lawn,lawn care,prices,"your site doesn't give even a starting price, so people who want a ballpark for mowing tend to move on to the next company",prices on your site,"starting prices for your main services, so people see a number before they call",,, before spring sign-ups start,lawn-prices,role,unverified,yes,no
flowerthepeoplegardens@gmail.com,there,,,Flower the People Lawn Care and Landscaping,Flower the People Lawn Care,https://www.ftplandscaping.com/,"Nashville, TN",Nashville,TN,lawn,landscaping,prices,"your site doesn't give even a starting price, so people who want a ballpark for mowing tend to move on to the next company",prices on your site,"starting prices for your main services, so people see a number before they call",,, before spring sign-ups start,lawn-prices,free,unverified,yes,no
horticare@horticare.net,there,,,Horticare Landscape Companies,Horticare Landscape Companies,https://horticare.net/,"Little Rock, AR",Little Rock,AR,lawn,landscaping,prices,"your site doesn't give even a starting price, so people who want a ballpark for mowing tend to move on to the next company",prices on your site,"starting prices for your main services, so people see a number before they call",,, before spring sign-ups start,lawn-prices,personal,unverified,yes,no
bailey@goodfellaslandscape.com,there,Bailey,,Good Fellas Landscaping,Good Fellas Landscaping,https://www.goodfellaslandscape.com/,"Indianapolis, IN",Indianapolis,IN,lawn,landscaping,prices,"your site doesn't give even a starting price, so people who want a ballpark for mowing tend to move on to the next company",prices on your site,"starting prices for your main services, so people see a number before they call",,, before spring sign-ups start,lawn-prices,personal,unverified,yes,no
brett.gordon@yourfocalpointe.com,there,,,Focal Pointe,Focal Pointe,https://www.yourfocalpointe.com/regions/kansas-city-area/,"Kansas City, KS",Kansas City,KS,lawn,lawn care,prices,"your site doesn't give even a starting price, so people who want a ballpark for mowing tend to move on to the next company",prices on your site,"starting prices for your main services, so people see a number before they call",,, before spring sign-ups start,lawn-prices,personal,unverified,yes,no
info@bellatorsvcs.com,there,,,Bellator Services,Bellator Services,https://www.bellatorsvcs.com/,"Dallas, TX",Dallas,TX,lawn,lawn care,prices,"your site doesn't give even a starting price, so people who want a ballpark for mowing tend to move on to the next company",prices on your site,"starting prices for your main services, so people see a number before they call",tap_to_call,While I was there I'd also add a tap-to-call button., before spring sign-ups start,lawn-prices,role,unverified,yes,no
service@lushlawns.net,there,,,LushLawns,LushLawns,http://www.lushlawns.net/,"Browns Summit, NC",Browns Summit,NC,lawn,lawn care,prices,"your site doesn't give even a starting price, so people who want a ballpark for mowing tend to move on to the next company",prices on your site,"starting prices for your main services, so people see a number before they call",tap_to_call,While I was there I'd also add a tap-to-call button., before spring sign-ups start,lawn-prices,role,unverified,yes,no
info@stewartslandscaping.net,there,,,Stewart's,Stewart's,https://stewartslandscaping.net/,"Charlotte, NC",Charlotte,NC,lawn,lawn care,prices,"your site doesn't give even a starting price, so people who want a ballpark for mowing tend to move on to the next company",prices on your site,"starting prices for your main services, so people see a number before they call",,, before spring sign-ups start,lawn-prices,role,unverified,yes,no
info@kenylandscape.com,there,,,Keny Landscape and Design,Keny Landscape,http://www.kenylandscape.com/,"Columbus, OH",Columbus,OH,lawn,landscaping,prices,"your site doesn't give even a starting price, so people who want a ballpark for mowing tend to move on to the next company",prices on your site,"starting prices for your main services, so people see a number before they call",tap_to_call,While I was there I'd also add a tap-to-call button., before spring sign-ups start,lawn-prices,role,unverified,yes,no
chris@thomaslawnscapes.com,Chris,Chris,,Thomas Lawn & Landscape,Thomas Lawn,https://www.thomaslawnscapes.com/,"Indianapolis, IN",Indianapolis,IN,lawn,landscaping,prices,"your site doesn't give even a starting price, so people who want a ballpark for mowing tend to move on to the next company",prices on your site,"starting prices for your main services, so people see a number before they call",,, before spring sign-ups start,lawn-prices,personal,unverified,yes,no
sales@pineslawncare.com,there,,,Pines Lawn Care,Pines Lawn Care,http://pineslawncare.com/,"Knightdale, NC",Knightdale,NC,lawn,lawn care,prices,"your site doesn't give even a starting price, so people who want a ballpark for mowing tend to move on to the next company",prices on your site,"starting prices for your main services, so people see a number before they call",,, before spring sign-ups start,lawn-prices,role,unverified,yes,no
admin@sandovallandscaping.com,there,,,Sandoval Landscaping,Sandoval Landscaping,https://sandovallandscaping.com/,"Mesquite, TX",Mesquite,TX,lawn,landscaping,prices,"your site doesn't give even a starting price, so people who want a ballpark for mowing tend to move on to the next company",prices on your site,"starting prices for your main services, so people see a number before they call",,, before spring sign-ups start,lawn-prices,role,unverified,yes,no
amlawn99@gmail.com,there,,,A&M Landscaping,A&M Landscaping,http://renovatingyourlandscape.com/,"Upper Arlington, OH",Upper Arlington,OH,lawn,landscaping,prices,"your site doesn't give even a starting price, so people who want a ballpark for mowing tend to move on to the next company",prices on your site,"starting prices for your main services, so people see a number before they call",,, before spring sign-ups start,lawn-prices,free,unverified,yes,no
eric@theperfectturf.com,there,Eric,,Perfect Turf,Perfect Turf,https://theperfectturf.com/,"North Kansas City, MO",North Kansas City,MO,lawn,lawn care,prices,"your site doesn't give even a starting price, so people who want a ballpark for mowing tend to move on to the next company",prices on your site,"starting prices for your main services, so people see a number before they call",,, before spring sign-ups start,lawn-prices,personal,unverified,yes,no
contact@beautifuloutdoorsks.com,there,,,Beautiful Outdoors Lawn & Landscape,Beautiful Outdoors Lawn,http://beautifuloutdoorsks.com/,"Kansas City, KS",Kansas City,KS,lawn,landscaping,prices,"your site doesn't give even a starting price, so people who want a ballpark for mowing tend to move on to the next company",prices on your site,"starting prices for your main services, so people see a number before they call",,, before spring sign-ups start,lawn-prices,role,unverified,yes,no
info@greenturfkc.com,there,,,Green Turf Lawns,Green Turf Lawns,https://www.greenturfkc.com/,"Kansas City, MO",Kansas City,MO,lawn,lawn care,prices,"your site doesn't give even a starting price, so people who want a ballpark for mowing tend to move on to the next company",prices on your site,"starting prices for your main services, so people see a number before they call",,, before spring sign-ups start,lawn-prices,role,unverified,yes,no
landscapemanager40@gmail.com,there,,,Tuff Turf Landscape,Tuff Turf Landscape,http://www.tuffturfkc.com/,"Merriam, KS",Merriam,KS,lawn,landscaping,prices,"your site doesn't give even a starting price, so people who want a ballpark for mowing tend to move on to the next company",prices on your site,"starting prices for your main services, so people see a number before they call",,, before spring sign-ups start,lawn-prices,free,unverified,yes,no
contact@limelightoutdoors.com,there,,,Limelight Outdoors and Pools,Limelight Outdoors,https://www.limelightoutdoors.com/,"Tega Cay, SC",Tega Cay,SC,lawn,lawn care,prices,"your site doesn't give even a starting price, so people who want a ballpark for mowing tend to move on to the next company",prices on your site,"starting prices for your main services, so people see a number before they call",,, before spring sign-ups start,lawn-prices,role,unverified,yes,no
jwillmoth@hotmail.com,there,,,615 Lawn and landscapes,615 Lawn,https://615lawn.jobbersites.com/,"Nashville, TN",Nashville,TN,lawn,landscaping,prices,"your site doesn't give even a starting price, so people who want a ballpark for mowing tend to move on to the next company",prices on your site,"starting prices for your main services, so people see a number before they call",,, before spring sign-ups start,lawn-prices,free,unverified,yes,no
cass@firstgreenlandscapes.com,there,Cass,,First Green Landscapes,First Green Landscapes,https://www.firstgreenlandscapes.com/,"Brentwood, TN",Brentwood,TN,lawn,landscaping,prices,"your site doesn't give even a starting price, so people who want a ballpark for mowing tend to move on to the next company",prices on your site,"starting prices for your main services, so people see a number before they call",tap_to_call,While I was there I'd also add a tap-to-call button., before spring sign-ups start,lawn-prices,personal,unverified,yes,no
customerservice@mli-in.com,there,,,Midwest Landscape Industries,Midwest Landscape Industries,https://www.mli-in.com/contact/,"Indianapolis, IN",Indianapolis,IN,lawn,landscaping,prices,"your site doesn't give even a starting price, so people who want a ballpark for mowing tend to move on to the next company",prices on your site,"starting prices for your main services, so people see a number before they call",,, before spring sign-ups start,lawn-prices,personal,unverified,yes,no
landscape.extreme@gmail.com,there,,,Extreme Lawn Care,Extreme Lawn Care,https://extremelawncarellc.jobbersites.com/,"Kansas City, MO",Kansas City,MO,lawn,lawn care,prices,"your site doesn't give even a starting price, so people who want a ballpark for mowing tend to move on to the next company",prices on your site,"starting prices for your main services, so people see a number before they call",,, before spring sign-ups start,lawn-prices,free,unverified,yes,no
info@echelawn.com,there,,,Echelawn Complete Landscape,Echelawn Complete Landscape,http://echelawn.com/,"Oklahoma City, OK",Oklahoma City,OK,lawn,landscaping,prices,"your site doesn't give even a starting price, so people who want a ballpark for mowing tend to move on to the next company",prices on your site,"starting prices for your main services, so people see a number before they call",tap_to_call,While I was there I'd also add a tap-to-call button., before spring sign-ups start,lawn-prices,role,unverified,yes,no
chaun@richmondlandscape.com,there,Chaun,,Richmond & Associates Landscaping,Richmond & Associates Landscaping,http://www.richmondlandscape.com/,"Carrollton, TX",Carrollton,TX,lawn,landscaping,prices,"your site doesn't give even a starting price, so people who want a ballpark for mowing tend to move on to the next company",prices on your site,"starting prices for your main services, so people see a number before they call",,, before spring sign-ups start,lawn-prices,personal,unverified,yes,no
jrlandscaping@hotmail.com,there,,,J&R Landscaping Services,J&R Landscaping Services,https://www.landscapertyler-tx.com/,"Tyler, TX",Tyler,TX,lawn,landscaping,prices,"your site doesn't give even a starting price, so people who want a ballpark for mowing tend to move on to the next company",prices on your site,"starting prices for your main services, so people see a number before they call",,, before spring sign-ups start,lawn-prices,free,unverified,yes,no
cgurley1@gmail.com,there,,,Gurley's Azalea Garden,Gurley's Azalea Garden,http://www.gurleysmemphis.com/,"Memphis, TN",Memphis,TN,lawn,lawn care,prices,"your site doesn't give even a starting price, so people who want a ballpark for mowing tend to move on to the next company",prices on your site,"starting prices for your main services, so people see a number before they call",,, before spring sign-ups start,lawn-prices,free,unverified,yes,no
admin@apexlawnslr.com,there,,,Apex Lawns,Apex Lawns,https://apexlawnslr.com/,"Little Rock, AR",Little Rock,AR,lawn,lawn care,prices,"your site doesn't give even a starting price, so people who want a ballpark for mowing tend to move on to the next company",prices on your site,"starting prices for your main services, so people see a number before they call",,, before spring sign-ups start,lawn-prices,role,unverified,yes,no
lawnworks09@gmail.com,there,,,Lawn Works Triad,Lawn Works Triad,https://www.lawnworkstriad.com/,"High Point, NC",High Point,NC,lawn,lawn care,prices,"your site doesn't give even a starting price, so people who want a ballpark for mowing tend to move on to the next company",prices on your site,"starting prices for your main services, so people see a number before they call",,, before spring sign-ups start,lawn-prices,free,unverified,yes,no
salstreescape@gmail.com,there,,,Sal's Landscape & Tree Service,Sal's Landscape,https://www.salslandscapetree.com/,"Irving, TX",Irving,TX,lawn,landscaping,prices,"your site doesn't give even a starting price, so people who want a ballpark for mowing tend to move on to the next company",prices on your site,"starting prices for your main services, so people see a number before they call",,, before spring sign-ups start,lawn-prices,free,unverified,yes,no
parker@evergreenlawncareky.com,there,,,Evergreen Lawncare and Landscapes,Evergreen Lawncare,http://evergreenlawncareky.com/,"Louisville, KY",Louisville,KY,lawn,landscaping,prices,"your site doesn't give even a starting price, so people who want a ballpark for mowing tend to move on to the next company",prices on your site,"starting prices for your main services, so people see a number before they call",,, before spring sign-ups start,lawn-prices,personal,unverified,yes,no
jason@arkansasluxurylawns.com,Jason,Jason,,Arkansas Luxury Lawns & Greens,Arkansas Luxury Lawns,https://www.arkansasluxurylawns.com/,"Little Rock, AR",Little Rock,AR,lawn,lawn care,prices,"your site doesn't give even a starting price, so people who want a ballpark for mowing tend to move on to the next company",prices on your site,"starting prices for your main services, so people see a number before they call",,, before spring sign-ups start,lawn-prices,personal,unverified,yes,no
lawn2landscapingllc@gmail.com,there,,,Lawn-2-Landscaping,Lawn-2-Landscaping,http://www.lawn2landscaping.com/,"Madison, AL",Madison,AL,lawn,landscaping,prices,"your site doesn't give even a starting price, so people who want a ballpark for mowing tend to move on to the next company",prices on your site,"starting prices for your main services, so people see a number before they call",,, before spring sign-ups start,lawn-prices,free,unverified,yes,no
envisionpoolsoh@gmail.com,there,,,The Clearwater Group,The Clearwater Group,http://clearwatergroupinc.com/,"Columbus, OH",Columbus,OH,lawn,lawn care,prices,"your site doesn't give even a starting price, so people who want a ballpark for mowing tend to move on to the next company",prices on your site,"starting prices for your main services, so people see a number before they call",,, before spring sign-ups start,lawn-prices,free,unverified,yes,no
info@erlawns.com,there,,,ER Lawn Care,ER Lawn Care,https://erlawns.com/,"Overland Park, KS",Overland Park,KS,lawn,lawn care,prices,"your site doesn't give even a starting price, so people who want a ballpark for mowing tend to move on to the next company",prices on your site,"starting prices for your main services, so people see a number before they call",,, before spring sign-ups start,lawn-prices,role,unverified,yes,no
info@bluebirdkc.com,there,,,Bluebird Outdoors,Bluebird Outdoors,https://bluebirdkc.com/,"Mission, KS",Mission,KS,lawn,lawn care,prices,"your site doesn't give even a starting price, so people who want a ballpark for mowing tend to move on to the next company",prices on your site,"starting prices for your main services, so people see a number before they call",,, before spring sign-ups start,lawn-prices,role,unverified,yes,no
elegantlawnbybeau@gmail.com,there,,,"Elegant Drains,Herbicide, Pesticide and Landscaping","Elegant Drains,Herbicide",https://www.elegantnc.com/,"Gibsonville, NC",Gibsonville,NC,lawn,landscaping,prices,"your site doesn't give even a starting price, so people who want a ballpark for mowing tend to move on to the next company",prices on your site,"starting prices for your main services, so people see a number before they call",,, before spring sign-ups start,lawn-prices,free,unverified,yes,no
johnny@memphislandscapellc.com,there,Johnny,,Memphis Landscape,Memphis Landscape,http://www.memphislandscapellc.com/,"Memphis, TN",Memphis,TN,lawn,landscaping,prices,"your site doesn't give even a starting price, so people who want a ballpark for mowing tend to move on to the next company",prices on your site,"starting prices for your main services, so people see a number before they call",,, before spring sign-ups start,lawn-prices,personal,unverified,yes,no
jonathonmorgan@comcast.net,there,,,Morgan Landscapes,Morgan Landscapes,https://morganlandscapehsv.com/,"Huntsville, AL",Huntsville,AL,lawn,landscaping,prices,"your site doesn't give even a starting price, so people who want a ballpark for mowing tend to move on to the next company",prices on your site,"starting prices for your main services, so people see a number before they call",,, before spring sign-ups start,lawn-prices,free,unverified,yes,no
info@whiteshovel.com,there,,,White Shovel Landscapes,White Shovel Landscapes,http://www.whiteshovel.com/,"Madison, AL",Madison,AL,lawn,landscaping,prices,"your site doesn't give even a starting price, so people who want a ballpark for mowing tend to move on to the next company",prices on your site,"starting prices for your main services, so people see a number before they call",,, before spring sign-ups start,lawn-prices,role,unverified,yes,no
david.yu@txsagelandscaping.com,there,,,Texas Sage Landscaping & Lawn,Texas Sage Landscaping,http://txsagelandscaping.com/,"Dallas, TX",Dallas,TX,lawn,landscaping,prices,"your site doesn't give even a starting price, so people who want a ballpark for mowing tend to move on to the next company",prices on your site,"starting prices for your main services, so people see a number before they call",,, before spring sign-ups start,lawn-prices,personal,unverified,yes,no
ecox@kellylandscaping.com,there,Ecox,,Kelly Landscaping,Kelly Landscaping,http://kellylandscaping.com/,"Indianapolis, IN",Indianapolis,IN,lawn,landscaping,prices,"your site doesn't give even a starting price, so people who want a ballpark for mowing tend to move on to the next company",prices on your site,"starting prices for your main services, so people see a number before they call",,, before spring sign-ups start,lawn-prices,personal,unverified,yes,no
info@startexlandscaping.com,there,,,StarTex Landscaping & Nursery,StarTex Landscaping,https://startexlandscaping.com/,"Dallas, TX",Dallas,TX,lawn,landscaping,prices,"your site doesn't give even a starting price, so people who want a ballpark for mowing tend to move on to the next company",prices on your site,"starting prices for your main services, so people see a number before they call",,, before spring sign-ups start,lawn-prices,role,unverified,yes,no
grabowski0131@gmail.com,there,,,Mow Masters Lawn Care,Mow Masters Lawn Care,https://www.mowmasterslc.com/,"Louisville, KY",Louisville,KY,lawn,lawn care,prices,"your site doesn't give even a starting price, so people who want a ballpark for mowing tend to move on to the next company",prices on your site,"starting prices for your main services, so people see a number before they call",,, before spring sign-ups start,lawn-prices,free,unverified,yes,no
brett@pinnacleohio.com,Brett,Brett,,Pinnacle Landscaping,Pinnacle Landscaping,http://pinnacleohio.com/,"Columbus, OH",Columbus,OH,lawn,landscaping,prices,"your site doesn't give even a starting price, so people who want a ballpark for mowing tend to move on to the next company",prices on your site,"starting prices for your main services, so people see a number before they call",,, before spring sign-ups start,lawn-prices,personal,unverified,yes,no
info@cleanncut.com,there,,,Clean N Cut Lawn Care,Clean N Cut Lawn Care,https://www.cleanncut.com/,"Indianapolis, IN",Indianapolis,IN,lawn,lawn care,prices,"your site doesn't give even a starting price, so people who want a ballpark for mowing tend to move on to the next company",prices on your site,"starting prices for your main services, so people see a number before they call",tap_to_call,While I was there I'd also add a tap-to-call button., before spring sign-ups start,lawn-prices,role,unverified,yes,no
outdoorcreationsmanagement@yahoo.com,there,,,Outdoor Creations Management Landscape & Lawn care,Outdoor Creations Management Landscape,http://ocmok.com/,"Yukon, OK",Yukon,OK,lawn,landscaping,prices,"your site doesn't give even a starting price, so people who want a ballpark for mowing tend to move on to the next company",prices on your site,"starting prices for your main services, so people see a number before they call",,, before spring sign-ups start,lawn-prices,free,unverified,yes,no
hello@exploreoak.com,there,,,OAK Outdoors,OAK Outdoors,https://www.exploreoak.com/,"Oklahoma City, OK",Oklahoma City,OK,lawn,lawn care,prices,"your site doesn't give even a starting price, so people who want a ballpark for mowing tend to move on to the next company",prices on your site,"starting prices for your main services, so people see a number before they call",,, before spring sign-ups start,lawn-prices,role,unverified,yes,no
office@clarkforkmaintenance.com,there,,,Clark Fork Maintenance,Clark Fork Maintenance,http://clarkforkmaintenance.com/,"Billings, MT",Billings,MT,lawn,lawn care,prices,"your site doesn't give even a starting price, so people who want a ballpark for mowing tend to move on to the next company",prices on your site,"starting prices for your main services, so people see a number before they call",,, before spring sign-ups start,lawn-prices,role,unverified,yes,no
customersupport@bruchmanlawn.com,there,,,Bruchman Lawn Service,Bruchman Lawn Service,http://www.bruchmanlawn.com/,"Prairie Village, KS",Prairie Village,KS,lawn,lawn care,prices,"your site doesn't give even a starting price, so people who want a ballpark for mowing tend to move on to the next company",prices on your site,"starting prices for your main services, so people see a number before they call",,, before spring sign-ups start,lawn-prices,personal,unverified,yes,no
londonlawnstx@gmail.com,there,,,London Lawns & Landscaping,London Lawns,http://www.londonlawns.com/,"Richardson, TX",Richardson,TX,lawn,landscaping,prices,"your site doesn't give even a starting price, so people who want a ballpark for mowing tend to move on to the next company",prices on your site,"starting prices for your main services, so people see a number before they call",tap_to_call,While I was there I'd also add a tap-to-call button., before spring sign-ups start,lawn-prices,free,unverified,yes,no
javierf.e1698@gmail.com,there,,,Javier's Landscape,Javier's Landscape,https://javierslandscapellc.com/,"Charlotte, NC",Charlotte,NC,lawn,landscaping,prices,"your site doesn't give even a starting price, so people who want a ballpark for mowing tend to move on to the next company",prices on your site,"starting prices for your main services, so people see a number before they call",,, before spring sign-ups start,lawn-prices,free,unverified,yes,no
granadoslandscapinglawncarellc@gmail.com,there,,,Granados Landscaping Lawn Care,Granados Landscaping Lawn Care,https://www.granadoslandscapinglawncarellc.com/,"Charlotte, NC",Charlotte,NC,lawn,landscaping,prices,"your site doesn't give even a starting price, so people who want a ballpark for mowing tend to move on to the next company",prices on your site,"starting prices for your main services, so people see a number before they call",,, before spring sign-ups start,lawn-prices,free,unverified,yes,no
wesatwillowcreeklm@gmail.com,there,,,Willow Creek Landscape Maintenance,Willow Creek Landscape Maintenance,https://willowcreek.jobbersites.com/,"Murfreesboro, TN",Murfreesboro,TN,lawn,landscaping,prices,"your site doesn't give even a starting price, so people who want a ballpark for mowing tend to move on to the next company",prices on your site,"starting prices for your main services, so people see a number before they call",,, before spring sign-ups start,lawn-prices,free,unverified,yes,no
charlottelandscapingservices@gmail.com,there,,,Charlotte Landscaping Services,Charlotte Landscaping Services,http://www.charlottelandscapingservices.com/,"Charlotte, NC",Charlotte,NC,lawn,landscaping,prices,"your site doesn't give even a starting price, so people who want a ballpark for mowing tend to move on to the next company",prices on your site,"starting prices for your main services, so people see a number before they call",tap_to_call,While I was there I'd also add a tap-to-call button., before spring sign-ups start,lawn-prices,free,unverified,yes,no
lawnlivin@gmail.com,there,,,Lawn Livin,Lawn Livin,http://lawnlivin.com/,"Nashville, TN",Nashville,TN,lawn,lawn care,prices,"your site doesn't give even a starting price, so people who want a ballpark for mowing tend to move on to the next company",prices on your site,"starting prices for your main services, so people see a number before they call",,, before spring sign-ups start,lawn-prices,free,unverified,yes,no
info@pinnaclelawncare.com,there,,,Pinnacle Lawn Care,Pinnacle Lawn Care,http://www.pinnaclelawncare.com/,"Overland Park, KS",Overland Park,KS,lawn,lawn care,prices,"your site doesn't give even a starting price, so people who want a ballpark for mowing tend to move on to the next company",prices on your site,"starting prices for your main services, so people see a number before they call",,, before spring sign-ups start,lawn-prices,role,unverified,yes,no
support@caddyshacklawncare.com,there,,,Caddy Shack Lawn Care of Edmond,Caddy Shack Lawn Care of Edmond,https://www.caddyshacklawncare.com/edmond-ok,"Edmond, OK",Edmond,OK,lawn,lawn care,prices,"your site doesn't give even a starting price, so people who want a ballpark for mowing tend to move on to the next company",prices on your site,"starting prices for your main services, so people see a number before they call",,, before spring sign-ups start,lawn-prices,role,unverified,yes,no
info@ironedgelawncare.com,there,,,Iron Edge Lawn Care,Iron Edge Lawn Care,http://www.ironedgelawncare.com/,"Oklahoma City, OK",Oklahoma City,OK,lawn,lawn care,prices,"your site doesn't give even a starting price, so people who want a ballpark for mowing tend to move on to the next company",prices on your site,"starting prices for your main services, so people see a number before they call",,, before spring sign-ups start,lawn-prices,role,unverified,yes,no
lawns@solmibros.com,there,,,Solmi Bros. Lawn Care & Tree Service,Solmi Bros. Lawn Care,http://solmibros.com/,"Harrah, OK",Harrah,OK,lawn,lawn care,prices,"your site doesn't give even a starting price, so people who want a ballpark for mowing tend to move on to the next company",prices on your site,"starting prices for your main services, so people see a number before they call",not_secure,"While I was there I'd also fix the ""Not secure"" warning.", before spring sign-ups start,lawn-prices,personal,unverified,yes,no
davidslawnserviceinc@gmail.com,there,,,David’s Lawn Service,David’s Lawn Service,https://davids-lawnservice.com/,"Louisville, KY",Louisville,KY,lawn,lawn care,prices,"your site doesn't give even a starting price, so people who want a ballpark for mowing tend to move on to the next company",prices on your site,"starting prices for your main services, so people see a number before they call",,, before spring sign-ups start,lawn-prices,free,unverified,yes,no
cole@lawntana.com,there,Cole,,Lawntana,Lawntana,http://www.lawntana.com/,"Billings, MT",Billings,MT,lawn,lawn care,prices,"your site doesn't give even a starting price, so people who want a ballpark for mowing tend to move on to the next company",prices on your site,"starting prices for your main services, so people see a number before they call",,, before spring sign-ups start,lawn-prices,personal,unverified,yes,no
memphislawnenforcement@gmail.com,there,,,Lawn Enforcement,Lawn Enforcement,http://www.memphislawnenforcement.com/,"Memphis, TN",Memphis,TN,lawn,lawn care,prices,"your site doesn't give even a starting price, so people who want a ballpark for mowing tend to move on to the next company",prices on your site,"starting prices for your main services, so people see a number before they call",,, before spring sign-ups start,lawn-prices,free,unverified,yes,no
mel@arroyolandscapingirrigation.com,there,Mel,,"Atlanta Lansdcaping,sprinkler system,and grass","Atlanta Lansdcaping,sprinkler system,and grass",https://arroyolandscapingirrigation.com/,"Atlanta, GA",Atlanta,GA,lawn,lawn care,prices,"your site doesn't give even a starting price, so people who want a ballpark for mowing tend to move on to the next company",prices on your site,"starting prices for your main services, so people see a number before they call",,, before spring sign-ups start,lawn-prices,personal,unverified,yes,no
ryan@majorleaguelandscapes.com,Ryan,Ryan,,Major League Landscapes,Major League Landscapes,http://www.majorleaguelandscapes.com/,"Hendersonville, TN",Hendersonville,TN,lawn,landscaping,prices,"your site doesn't give even a starting price, so people who want a ballpark for mowing tend to move on to the next company",prices on your site,"starting prices for your main services, so people see a number before they call",,, before spring sign-ups start,lawn-prices,personal,unverified,yes,no
matjoneslandscaping@gmail.com,there,,,Mat Jones Landscape,Mat Jones Landscape,http://www.matjoneslandscape.com/,"Columbus, OH",Columbus,OH,lawn,landscaping,prices,"your site doesn't give even a starting price, so people who want a ballpark for mowing tend to move on to the next company",prices on your site,"starting prices for your main services, so people see a number before they call",,, before spring sign-ups start,lawn-prices,free,unverified,yes,no
info@coloniallandscaping.life,there,,,Colonial Landscaping,Colonial Landscaping,https://www.coloniallandscaping.life/,"Columbus, OH",Columbus,OH,lawn,landscaping,prices,"your site doesn't give even a starting price, so people who want a ballpark for mowing tend to move on to the next company",prices on your site,"starting prices for your main services, so people see a number before they call",,, before spring sign-ups start,lawn-prices,role,unverified,yes,no
info@jeslandscaping.com,there,,,Jes Landscaping,Jes Landscaping,https://jeslandscaping.com/,"Raleigh, NC",Raleigh,NC,lawn,landscaping,prices,"your site doesn't give even a starting price, so people who want a ballpark for mowing tend to move on to the next company",prices on your site,"starting prices for your main services, so people see a number before they call",,, before spring sign-ups start,lawn-prices,role,unverified,yes,no
jayslawn2@gmail.com,there,,,Jay's Lawn & Landscape Co,Jay's Lawn,http://www.jayslawn.com/,"Wendell, NC",Wendell,NC,lawn,landscaping,prices,"your site doesn't give even a starting price, so people who want a ballpark for mowing tend to move on to the next company",prices on your site,"starting prices for your main services, so people see a number before they call",tap_to_call,While I was there I'd also add a tap-to-call button., before spring sign-ups start,lawn-prices,free,unverified,yes,no
cityscapeslandscape@outlook.com,there,,,CityScapes Landscape Services,CityScapes Landscape Services,http://www.cityscapeslandscape.com/,"Oklahoma City, OK",Oklahoma City,OK,lawn,landscaping,prices,"your site doesn't give even a starting price, so people who want a ballpark for mowing tend to move on to the next company",prices on your site,"starting prices for your main services, so people see a number before they call",tap_to_call,While I was there I'd also add a tap-to-call button., before spring sign-ups start,lawn-prices,free,unverified,yes,no
juanrivera442@gmail.com,there,,,Rivera Lawncare,Rivera Lawncare,https://riveralawncareandlandscaping.com/,"Memphis, TN",Memphis,TN,lawn,lawn care,prices,"your site doesn't give even a starting price, so people who want a ballpark for mowing tend to move on to the next company",prices on your site,"starting prices for your main services, so people see a number before they call",,, before spring sign-ups start,lawn-prices,free,unverified,yes,no
info@greenandcleanlandscaping.com,there,,,Green & Clean Landscaping,Green & Clean Landscaping,http://greenandcleanlandscaping.com/,"Colfax, NC",Colfax,NC,lawn,landscaping,prices,"your site doesn't give even a starting price, so people who want a ballpark for mowing tend to move on to the next company",prices on your site,"starting prices for your main services, so people see a number before they call",,, before spring sign-ups start,lawn-prices,role,unverified,yes,no
cityscapelawncare@gmail.com,there,,,Cityscape Lawn Care,Cityscape Lawn Care,http://cityscapelawncare.com/,"Mableton, GA",Mableton,GA,lawn,lawn care,prices,"your site doesn't give even a starting price, so people who want a ballpark for mowing tend to move on to the next company",prices on your site,"starting prices for your main services, so people see a number before they call",,, before spring sign-ups start,lawn-prices,free,unverified,yes,no
bryghtlawns@gmail.com,there,,,Bryght Lawn Limited Company,Bryght Lawn Limited Company,http://bryghtlawn.com/,"Overland Park, KS",Overland Park,KS,lawn,lawn care,prices,"your site doesn't give even a starting price, so people who want a ballpark for mowing tend to move on to the next company",prices on your site,"starting prices for your main services, so people see a number before they call",tap_to_call,While I was there I'd also add a tap-to-call button., before spring sign-ups start,lawn-prices,free,unverified,yes,no
brian@thegreensman.com,there,Brian,,The Greensman,The Greensman,https://thegreensman.com/,"Kansas City, MO",Kansas City,MO,lawn,lawn care,prices,"your site doesn't give even a starting price, so people who want a ballpark for mowing tend to move on to the next company",prices on your site,"starting prices for your main services, so people see a number before they call",tap_to_call,While I was there I'd also add a tap-to-call button., before spring sign-ups start,lawn-prices,personal,unverified,yes,no
btopslandscaping@yahoo.com,there,,,BTOPS Landscaping,BTOPS Landscaping,https://www.btopslandscapinginc.com/,"Montgomery, AL",Montgomery,AL,lawn,landscaping,prices,"your site doesn't give even a starting price, so people who want a ballpark for mowing tend to move on to the next company",prices on your site,"starting prices for your main services, so people see a number before they call",,, before spring sign-ups start,lawn-prices,free,unverified,yes,no
office@victorylandscapes.com,there,,,Victory Landscapes,Victory Landscapes,https://victorylandscapes.com/,"Dallas, TX",Dallas,TX,lawn,landscaping,prices,"your site doesn't give even a starting price, so people who want a ballpark for mowing tend to move on to the next company",prices on your site,"starting prices for your main services, so people see a number before they call",,, before spring sign-ups start,lawn-prices,role,unverified,yes,no
info@hedgelandscape.com,there,,,Hedge Landscape,Hedge Landscape,http://www.hedgelandscape.com/,"Columbus, OH",Columbus,OH,lawn,landscaping,prices,"your site doesn't give even a starting price, so people who want a ballpark for mowing tend to move on to the next company",prices on your site,"starting prices for your main services, so people see a number before they call",,, before spring sign-ups start,lawn-prices,role,unverified,yes,no
contact@promowkc.com,there,,,Pro Mow Lawn Care,Pro Mow Lawn Care,https://promowkc.com/,"Kansas City, MO",Kansas City,MO,lawn,lawn care,prices,"your site doesn't give even a starting price, so people who want a ballpark for mowing tend to move on to the next company",prices on your site,"starting prices for your main services, so people see a number before they call",,, before spring sign-ups start,lawn-prices,role,unverified,yes,no
bfassio@tofturfandoutdoors.com,there,Bfassio,,TOF Turf and Outdoors,TOF Turf,https://www.tofturfandoutdoors.com/,"Edmond, OK",Edmond,OK,lawn,lawn care,prices,"your site doesn't give even a starting price, so people who want a ballpark for mowing tend to move on to the next company",prices on your site,"starting prices for your main services, so people see a number before they call",,, before spring sign-ups start,lawn-prices,personal,unverified,yes,no
info@2yardpros.com,there,,,2YardPros,2YardPros,https://2yardpros.com/,"Louisville, KY",Louisville,KY,lawn,lawn care,prices,"your site doesn't give even a starting price, so people who want a ballpark for mowing tend to move on to the next company",prices on your site,"starting prices for your main services, so people see a number before they call",,, before spring sign-ups start,lawn-prices,role,unverified,yes,no
custserv@lawnproschattanooga.com,there,Custserv,,Lawn Pro's,Lawn Pro's,http://www.lawnproschattanooga.com/,"Chattanooga, TN",Chattanooga,TN,lawn,lawn care,prices,"your site doesn't give even a starting price, so people who want a ballpark for mowing tend to move on to the next company",prices on your site,"starting prices for your main services, so people see a number before they call",,, before spring sign-ups start,lawn-prices,personal,unverified,yes,no
theperfectgreenlawn@gmail.com,there,,,The Perfect Green Lawn,The Perfect Green Lawn,https://theperfectgreenlawn.com/,"Charlotte, NC",Charlotte,NC,lawn,lawn care,prices,"your site doesn't give even a starting price, so people who want a ballpark for mowing tend to move on to the next company",prices on your site,"starting prices for your main services, so people see a number before they call",,, before spring sign-ups start,lawn-prices,free,unverified,yes,no
estimates@hoosierhavenindy.com,there,,,Hoosier Haven Landscaping and Home Services,Hoosier Haven Landscaping,https://hoosierhavenindy.com/,"Indianapolis, IN",Indianapolis,IN,lawn,landscaping,prices,"your site doesn't give even a starting price, so people who want a ballpark for mowing tend to move on to the next company",prices on your site,"starting prices for your main services, so people see a number before they call",,, before spring sign-ups start,lawn-prices,personal,unverified,yes,no
customerservice@circlecityoutdoors.com,there,,,Circle City Outdoors 5958,Circle City Outdoors 5958,http://www.circlecityoutdoors.com/,"Indianapolis, IN",Indianapolis,IN,lawn,lawn care,prices,"your site doesn't give even a starting price, so people who want a ballpark for mowing tend to move on to the next company",prices on your site,"starting prices for your main services, so people see a number before they call",tap_to_call,While I was there I'd also add a tap-to-call button., before spring sign-ups start,lawn-prices,personal,unverified,yes,no
jon@jmyersmowing.com,Jon,Jon,,JMyers Mowing&Aeration,JMyers Mowing&Aeration,http://jmyersmowing.com/,"Overland Park, KS",Overland Park,KS,lawn,lawn care,prices,"your site doesn't give even a starting price, so people who want a ballpark for mowing tend to move on to the next company",prices on your site,"starting prices for your main services, so people see a number before they call",tap_to_call,While I was there I'd also add a tap-to-call button., before spring sign-ups start,lawn-prices,personal,unverified,yes,no
david@crownelawnsllc.com,there,David,,Crowne Lawns,Crowne Lawns,https://www.crownelawnsllc.com/,"Grandview, MO",Grandview,MO,lawn,lawn care,prices,"your site doesn't give even a starting price, so people who want a ballpark for mowing tend to move on to the next company",prices on your site,"starting prices for your main services, so people see a number before they call",,, before spring sign-ups start,lawn-prices,personal,unverified,yes,no
allbydesignkc@gmail.com,there,,,All By Design KC,All By Design KC,http://www.allbydesignkc.com/,"Overland Park, KS",Overland Park,KS,lawn,lawn care,prices,"your site doesn't give even a starting price, so people who want a ballpark for mowing tend to move on to the next company",prices on your site,"starting prices for your main services, so people see a number before they call",,, before spring sign-ups start,lawn-prices,free,unverified,yes,no
royedillon7@gmail.com,there,,,Prestige One Landscaping,Prestige One Landscaping,http://prestigeonelandscaping.com/,"Independence, MO",Independence,MO,lawn,landscaping,prices,"your site doesn't give even a starting price, so people who want a ballpark for mowing tend to move on to the next company",prices on your site,"starting prices for your main services, so people see a number before they call",,, before spring sign-ups start,lawn-prices,free,unverified,yes,no
nomorejunk@squareonejunkpros.com,there,,,Square One Junk Pros,Square One Junk Pros,http://squareonejunkpros.com/,"Decatur, GA",Decatur,GA,lawn,lawn care,prices,"your site doesn't give even a starting price, so people who want a ballpark for mowing tend to move on to the next company",prices on your site,"starting prices for your main services, so people see a number before they call",,, before spring sign-ups start,lawn-prices,personal,unverified,yes,no
tony@lrlandscape.com,Tony,Tony,,Little Rock Landscape,Little Rock Landscape,http://www.lrlandscape.com/,"Little Rock, AR",Little Rock,AR,lawn,landscaping,prices,"your site doesn't give even a starting price, so people who want a ballpark for mowing tend to move on to the next company",prices on your site,"starting prices for your main services, so people see a number before they call",,, before spring sign-ups start,lawn-prices,personal,unverified,yes,no
luckyslandscapeandlawncare@gmail.com,there,,,Lucky's Landscape & Lawn Care Dublin,Lucky's Landscape & Lawn Care Dublin,https://luckylandscapeandlawncaredublin.com/,"Dublin, OH",Dublin,OH,lawn,landscaping,prices,"your site doesn't give even a starting price, so people who want a ballpark for mowing tend to move on to the next company",prices on your site,"starting prices for your main services, so people see a number before they call",,, before spring sign-ups start,lawn-prices,free,unverified,yes,no
cmoehl10@gmail.com,there,,,Darby Landscape Supply,Darby Landscape Supply,https://www.darbylandscape.com/,"Orient, OH",Orient,OH,lawn,landscaping,prices,"your site doesn't give even a starting price, so people who want a ballpark for mowing tend to move on to the next company",prices on your site,"starting prices for your main services, so people see a number before they call",,, before spring sign-ups start,lawn-prices,free,unverified,yes,no
tom@greenernc.com,Tom,Tom,,Greener Landscaping,Greener Landscaping,http://www.greenernc.com/,"Raleigh, NC",Raleigh,NC,lawn,landscaping,prices,"your site doesn't give even a starting price, so people who want a ballpark for mowing tend to move on to the next company",prices on your site,"starting prices for your main services, so people see a number before they call",tap_to_call,While I was there I'd also add a tap-to-call button., before spring sign-ups start,lawn-prices,personal,unverified,yes,no
mattslawncare3@gmail.com,there,,,Hall's Lawn Care & Landscaping,Hall's Lawn Care,https://www.hallslawn.com/,"Clarksville, IN",Clarksville,IN,lawn,landscaping,prices,"your site doesn't give even a starting price, so people who want a ballpark for mowing tend to move on to the next company",prices on your site,"starting prices for your main services, so people see a number before they call",tap_to_call,While I was there I'd also add a tap-to-call button., before spring sign-ups start,lawn-prices,free,unverified,yes,no
tnlawnsmiths@gmail.com,there,,,TN Lawnsmiths,TN Lawnsmiths,https://tnlawnsmiths.com/,"Murfreesboro, TN",Murfreesboro,TN,lawn,lawn care,prices,"your site doesn't give even a starting price, so people who want a ballpark for mowing tend to move on to the next company",prices on your site,"starting prices for your main services, so people see a number before they call",,, before spring sign-ups start,lawn-prices,free,unverified,yes,no
certifiedgreennc@gmail.com,there,,,Certified Green,Certified Green,http://www.cgreennc.com/,"Charlotte, NC",Charlotte,NC,lawn,lawn care,prices,"your site doesn't give even a starting price, so people who want a ballpark for mowing tend to move on to the next company",prices on your site,"starting prices for your main services, so people see a number before they call",,, before spring sign-ups start,lawn-prices,free,unverified,yes,no
aubreyhillslawn@gmail.com,there,,,Aubrey Hills Lawn,Aubrey Hills Lawn,https://www.aubreyhillslawn.com/,"Raytown, MO",Raytown,MO,lawn,lawn care,prices,"your site doesn't give even a starting price, so people who want a ballpark for mowing tend to move on to the next company",prices on your site,"starting prices for your main services, so people see a number before they call",,, before spring sign-ups start,lawn-prices,free,unverified,yes,no
geoff@thepremiercut.com,Geoff,Geoff,,The Premier Cut,The Premier Cut,http://www.thepremiercut.com/,"Parkville, MO",Parkville,MO,lawn,lawn care,prices,"your site doesn't give even a starting price, so people who want a ballpark for mowing tend to move on to the next company",prices on your site,"starting prices for your main services, so people see a number before they call",,, before spring sign-ups start,lawn-prices,personal,unverified,yes,no
jacob@riverfront-llc.com,Jacob,Jacob,,Riverfront Landscape,Riverfront Landscape,http://www.riverfront-llc.com/,"Kansas City, MO",Kansas City,MO,lawn,landscaping,prices,"your site doesn't give even a starting price, so people who want a ballpark for mowing tend to move on to the next company",prices on your site,"starting prices for your main services, so people see a number before they call",,, before spring sign-ups start,lawn-prices,personal,unverified,yes,no
dom@brosmowing.com,there,Dom,,Brothers Mowing,Brothers Mowing,http://www.brosmowing.com/,"Stallings, NC",Stallings,NC,lawn,lawn care,prices,"your site doesn't give even a starting price, so people who want a ballpark for mowing tend to move on to the next company",prices on your site,"starting prices for your main services, so people see a number before they call",,, before spring sign-ups start,lawn-prices,personal,unverified,yes,no
turfmasterinc@hotmail.com,there,,,TurfMaster,TurfMaster,http://turfmasterlittlerock.com/,"North Little Rock, AR",North Little Rock,AR,lawn,lawn care,prices,"your site doesn't give even a starting price, so people who want a ballpark for mowing tend to move on to the next company",prices on your site,"starting prices for your main services, so people see a number before they call",tap_to_call,While I was there I'd also add a tap-to-call button., before spring sign-ups start,lawn-prices,free,unverified,yes,no
